#element,configuration,UUID
Ac,X2O,fd0b0b17-c6e2-4f41-af3f-8d536b51cc72
Ac,X2O3,0b63789d-5bb1-4b06-af6a-3e4b0fb10a68
Ac,X2O5,833cba52-ef7c-4bee-ace3-8c56324f10f1
Ac,XO,24a87225-8c38-4035-9343-f3deca8138a6
Ac,XO2,9be7eff3-7671-4760-a604-7cf231a01dfc
Ac,XO3,ef036f55-519b-41a7-b8a8-5f3dac20fcc6
Ag,X2O,3cbaab85-99b2-4b81-a1c4-c882eb177cd1
Ag,X2O3,e9dbadcb-6a89-4c49-8294-5ea3711f574b
Ag,X2O5,2e62e8ee-fe85-4dda-89ca-51941b9773a3
Ag,XO,6b2911e8-bb32-41a2-a282-e0d18d8e9e06
Ag,XO2,7637747f-16a3-44c1-8fb1-f2d1cfa20aab
Ag,XO3,4097d278-0b3a-4096-8d7b-f14be2c26f0b
Al,X2O,67a243cc-6645-4566-8c5c-f98f2100b1c7
Al,X2O3,491335cd-39b0-4e7a-9969-fd86f364b670
Al,X2O5,e5255b1f-b24d-4abe-9d35-9dde1a0a6cf4
Al,XO,2c2b7657-a5c7-4c67-a918-7c0630c2934e
Al,XO2,c9f3dd8f-3126-4ed8-a9f0-cb92a9ef864d
Al,XO3,98616364-cbd8-4ca7-8fe4-3c7f68d2a0c9
Am,X2O,a265e78b-461d-4303-989b-0a6bb2695585
Am,X2O3,1a365b7b-d80f-4ad9-a114-530350e7f058
Am,X2O5,79b708d8-8afe-42bc-9644-ca89ab40d580
Am,XO,57c9315c-1c96-4073-b188-daef38a17a31
Am,XO2,e5c3c28d-0cdc-4ee2-98ca-b6137a8c8c6a
Am,XO3,8b91149c-e7f4-480f-9b00-3a7ec4c9b316
Ar,X2O,691e25b0-60ec-4a39-b668-f4eb509d4780
Ar,X2O3,3b29a0ac-a098-4936-98dc-a42cdc63e32e
Ar,X2O5,85a26871-2bfd-4a86-a399-05b2c6c80ea0
Ar,XO,6baecf97-3ecf-46e8-bc99-4d30f6d25f9e
Ar,XO2,7616ae9a-b3ae-415e-b96e-b2a7ba9eee2f
Ar,XO3,3afe53f7-59c9-4deb-b31c-a76d4f9c3a20
As,X2O,dd4254e7-5636-450c-857e-6a9233c3db55
As,X2O3,9da7f7db-b356-4e2a-af03-6272d057c250
As,X2O5,528a3970-82af-45fc-bcea-149d0c5190cd
As,XO,7ec6543f-4e9a-4acc-9a16-86cd15b0b95f
As,XO2,a535f72c-b96d-4cf9-a640-990c0e4cd3dd
As,XO3,d601583b-cd11-4353-b716-d99f820ad132
At,X2O,033c9509-8ea0-460d-8544-7398debd182b
At,X2O3,e45d17f9-efc3-41b1-b03f-88528c725fa2
At,X2O5,6edf8a36-22fa-43fe-9330-599a4698d6a7
At,XO,889e5e88-5a76-488a-adc0-7d7a881de246
At,XO2,108111a7-4f4a-4a08-bc80-e94eb9e705c5
At,XO3,2567ff91-f427-4ce9-8a80-2bbea58b9bc2
Au,X2O,f4705084-2362-47f9-b252-c8bfd52fbad1
Au,X2O3,318ca136-d970-460c-83ff-de5f1b3222f8
Au,X2O5,9b3deae0-82c7-45dc-b9ed-776f593046c9
Au,XO,8988e6fd-9272-455b-91a6-1d8de5836b50
Au,XO2,ca014eb1-68a0-4d48-b585-64bcb78307e8
Au,XO3,f5f6c628-f8ad-4b8d-aba6-e331c4dbbb1b
B,X2O,6c995dd7-f427-47af-b536-ba538a5f38bd
B,X2O3,5857d71d-a5bb-4590-8f33-2d372f6a41f1
B,X2O5,6d581b7c-c096-460f-89ac-c068dc2db2be
B,XO,8aba840f-9841-4b29-93ff-8c918ec9f7c4
B,XO2,5dbe4795-e68b-4b89-920d-e8932b1516cc
B,XO3,8bfeab41-e50e-4fae-896c-387ecd3e5d5a
Ba,X2O,9980f403-0774-4b32-9813-393366478bb1
Ba,X2O3,4342635b-f8f7-4392-b080-9fc720d01948
Ba,X2O5,99c2ee14-59e2-42da-be3c-c114342f74aa
Ba,XO,bf79c915-37e4-4e49-8db6-1ab15f89742a
Ba,XO2,d193adb5-6e17-41df-9fee-2b41558f49bd
Ba,XO3,9c60f125-89ec-47fe-8152-c1eb823ea818
Be,X2O,e5ce2c95-b2e3-4cdc-87b5-6670d50a372d
Be,X2O3,ba8be700-1c6d-4dbb-b39a-7f12b2778dde
Be,X2O5,f88a4c68-a5bb-4449-ac60-a75afc0614f6
Be,XO,c119cf72-3df9-4460-a9f5-3f8d7c30b14f
Be,XO2,b80f4d49-e671-4062-a6a7-4a3e35ca63e5
Be,XO3,71a828dd-235e-45a4-a17f-3ee2d81066ca
Bi,X2O,feebcf37-04d1-408b-a05c-489525687b5b
Bi,X2O3,9a145655-a5eb-4d76-a1ac-398244660c2b
Bi,X2O5,07405f0b-8908-49d0-b3b2-b72d2fb63d2f
Bi,XO,bc538522-b510-4569-a567-4931a90b6fc5
Bi,XO2,b65b1f25-3d8f-4c25-9517-8c05fe172e45
Bi,XO3,9ef7eee8-c86d-45e4-b601-176918117433
Bk,X2O,79265d26-872d-4dc5-a4fb-3a6aa103ea86
Bk,X2O3,17cd7916-694e-4bad-8fec-7b32d09365bc
Bk,X2O5,66b766f5-b0c8-4830-8ec6-65476ae3aa54
Bk,XO,00902cc4-7f42-41c8-a634-27ebf3dc0352
Bk,XO2,931ea140-5657-48fb-ac0b-2c01a21b94a4
Bk,XO3,37a86fe7-3b4a-4975-8c12-facd575e84f1
Br,X2O,abb539bc-5faa-44c9-ad5e-612b5dd95ecd
Br,X2O3,a178a7ba-15d0-407e-ba0d-973f3e56bca9
Br,X2O5,7552a5d6-e1ad-46db-b5c5-5a8bafd8c733
Br,XO,19e7e958-99f3-4380-8403-a5a404efcca2
Br,XO2,4f59c2f3-8530-4f92-b40a-a8182269a0b8
Br,XO3,d1d5bfbe-851e-4c4b-ae04-c66e4c10168c
C,X2O,c5e51e1e-cb44-4fa7-91d0-a8a6b2c2c63c
C,X2O3,61053fdd-3e9c-42f7-b98a-09b9e4c301ec
C,X2O5,d42bb7a5-26d8-4d51-88f4-a83756d0e614
C,XO,70ded003-bc14-4d6f-83b1-a0201e580c4f
C,XO2,27e4029d-025d-402c-a1a8-b731c4aace43
C,XO3,71fb087a-936f-498d-a035-0d4a387b9d1f
Ca,X2O,a124d7e7-98ba-42f6-b5ee-73b00c615ecc
Ca,X2O3,ed1dfc02-840b-4d72-af2a-c36d394664d5
Ca,X2O5,43e66b9b-2d17-47d9-b758-5429abce1d91
Ca,XO,47ed7c9b-ec36-4d92-8f41-9ae1ad238c89
Ca,XO2,64ddbdc7-ec0a-4535-b5d4-75ec900e9401
Ca,XO3,22360220-e74d-493c-9a8b-43b49840ceaa
Cd,X2O,f0b2584d-dcc5-4716-a66a-31e74c937d47
Cd,X2O3,598f8b90-8aca-4165-9629-3b9521c62fb4
Cd,X2O5,621613f6-66a8-491e-8db6-5d98e2a67b81
Cd,XO,fb6987a7-fb99-4829-8c9b-bb51af20ee46
Cd,XO2,77e9f725-7b8b-4ba5-9ea4-30ec4294d02a
Cd,XO3,ec4bebab-eda5-4e0e-8571-f6d8b0201c90
Ce,X2O,82182d94-0f6e-4274-9ba6-0669fc48ec2d
Ce,X2O3,176bfc94-846f-41ec-b8b0-ecda57b24147
Ce,X2O5,a548f576-2c00-436d-8c8a-6694afb4e905
Ce,XO,0bfc3b4b-4a6c-4f57-96b5-115541bbd023
Ce,XO2,ad07243e-8c5a-4066-afb7-937d3954e45b
Ce,XO3,e394f920-02ad-4792-a4b9-f8c06b30556b
Cf,X2O,1367904c-80d9-41f9-9238-f5a6f4618622
Cf,X2O3,d6433461-b608-41d6-9b55-e54315750b97
Cf,X2O5,cda8fe09-fd6a-43f0-82e4-26e65e3b96db
Cf,XO,2dedfa29-805c-4064-acdd-6f0645474fc0
Cf,XO2,983782f9-8cf0-499d-8b6e-6f674f6b3d94
Cf,XO3,866099d1-2980-47ca-8c45-36a1f87baa48
Cl,X2O,43410e41-4ec0-4351-bd7c-b8c75c8c2231
Cl,X2O3,ec1d2ddf-587e-43c0-acd7-b27f2e0c82ba
Cl,X2O5,b696d076-06c7-47d2-a68c-d608da9bc2a1
Cl,XO,93ded264-8b9d-4533-a4a4-a5b7a8a64eaa
Cl,XO2,667dee07-3aa4-433f-8965-c1fb13fecbc5
Cl,XO3,5b2b35fc-5f4f-4660-8528-edb001146fbc
Cm,X2O,c94c397d-abd0-4941-8efb-0c42e90acb01
Cm,X2O3,3787151a-9b2a-4131-8fa8-3a00ecd539a6
Cm,X2O5,8a83ba2d-c708-489a-832a-704917d7cde8
Cm,XO,176f1548-f50e-4ebb-8645-fcf63a49fd9e
Cm,XO2,43d1c218-0694-48ed-8a7f-7797455d6d6e
Cm,XO3,25d38d56-898c-4a47-90fa-6fc372343c8f
Co,X2O,4801a878-59c4-4534-82d6-b614d2343901
Co,X2O3,910eb976-01e2-4527-8f72-40df5ff9e67b
Co,X2O5,c2c276d5-e3a1-412f-add2-b25dda459821
Co,XO,cd890cbe-d520-4664-bcf6-61c3fa620646
Co,XO2,20ff151c-db0f-4372-a282-ecb57f82f778
Co,XO3,8ea6e55f-098f-4c8f-b669-a7c42e62d71d
Cr,X2O,ba988511-e1fd-44c4-9806-97751e15765b
Cr,X2O3,1e183e04-3493-41e5-9cab-7086e3e4ac9b
Cr,X2O5,8034dfff-47a3-484d-9aee-2efb5e75e330
Cr,XO,298c320b-381b-4d2f-8ee5-2b696b2e127d
Cr,XO2,02aa8e5a-ef65-4769-a0fa-9349582a14b6
Cr,XO3,e51eb522-7e9d-41e9-84b3-15edd83abde0
Cs,X2O,58b58809-ca85-4884-8b93-37c371048e92
Cs,X2O3,bdb0f7c9-1d8f-4e42-9438-6eae3ab11ed1
Cs,X2O5,14187f93-eab1-4ffc-8501-2774a3bb9dc3
Cs,XO,813baff1-6d68-4257-9661-8e1f1d156319
Cs,XO2,62d5d14c-ca8d-4f14-abdd-e42ff364c467
Cs,XO3,11762726-e338-47e4-9d15-fd2c3736df47
Cu,X2O,7e4a62af-52c4-4313-b2d3-d0406c633758
Cu,X2O3,8cf96c28-b5fb-45cb-932b-2236fd827a40
Cu,X2O5,f3a48e13-75e1-4fb6-9d14-d41084787be6
Cu,XO,88a78aa2-a2a4-4006-bfc4-a68352232393
Cu,XO2,36ee803e-35b2-4489-84ba-92f22fab22b9
Cu,XO3,9fcc4da8-a005-4809-b1f6-8f221ee7feae
Dy,X2O,7428ef34-7952-4979-a1cd-38248508b502
Dy,X2O3,789e8aa5-2aa4-4246-9988-770d73daf643
Dy,X2O5,b5423d9e-0b6c-4da9-a446-f7cbc59be26b
Dy,XO,f8ac3e90-bb80-48d5-b799-3bd8f2df27b0
Dy,XO2,2298b937-756f-427f-8282-3d06a6e8af7a
Dy,XO3,98a3e7f0-c53f-4691-b702-398e596c7b31
Er,X2O,ed0e2f30-f7b8-4dbf-9801-19350dbb3c88
Er,X2O3,c3a9a66b-4257-488d-9e22-305008adad5d
Er,X2O5,eb9a1a7e-98c5-4f5a-a089-8fd1fe3dcb48
Er,XO,cf78d460-3093-47c0-b207-cf93c32cbd17
Er,XO2,7b5e3c27-2852-42f1-80cf-f1c690fff5a6
Er,XO3,13af1e30-141f-4db2-becd-7df82cbe00a5
Es,X2O,de950c3b-dd4b-4431-9081-ca30c0d6915a
Es,X2O3,7ad75018-3e54-4f83-af8a-bac5bf36f700
Es,X2O5,e9b5fcdb-04f7-4cfb-94a1-74933da7de54
Es,XO,69424857-ce21-4f99-9d77-00ac60c8c3ae
Es,XO2,54b4b893-5020-4094-a613-8595f014c454
Es,XO3,dcc6c826-a4bd-40f3-88af-3b4e8fff99c8
Eu,X2O,d6830832-de34-46ce-adb3-258bb8379e05
Eu,X2O3,cac14e7b-2c2a-4841-98f5-af3758c219c3
Eu,X2O5,1985bba3-53b2-4667-a442-73d799b0136b
Eu,XO,4ed44ba9-f531-4117-bf66-7ed0db062abc
Eu,XO2,1b43abc3-e61f-457b-b589-bb665f4f9ba4
Eu,XO3,f9f5601f-4ea0-4e9a-899b-1a9559e89624
F,X2O,612e4dfb-e5ec-497b-b24d-83dd1b7cd709
F,X2O3,52784b45-74d1-42c9-87d7-91f6840cfe83
F,X2O5,894cebbe-7508-4cd5-bbc4-04031fa47aa6
F,XO,a6a52fe8-55a0-4cb7-949d-a4d76b463fc4
F,XO2,93bbc2b3-e1bb-4872-851d-611a28fde720
F,XO3,ccae7ac0-b7c5-400c-ab91-3449f558e7b4
Fe,X2O,19d02c2f-c090-43c1-832b-e6cfefc44798
Fe,X2O3,a0ac14ba-aa25-4a49-b0c3-83a1f80f8cff
Fe,X2O5,ed58c08e-e7f1-4f33-bfed-ed2bc77eed29
Fe,XO,5f7c3000-07ec-4bc1-a967-40ab0f533132
Fe,XO2,60e5edff-e26a-46c9-aaa2-00741dbc87be
Fe,XO3,c349ca49-6035-4995-970a-2b6d7a879d4b
Fm,X2O,bd046893-4206-4055-817f-14fc7721ec83
Fm,X2O3,4afba354-b2b2-463c-8704-5d9ea928f506
Fm,X2O5,2165ac3e-cff3-4dea-8176-ae7895ed3bb6
Fm,XO,95e20800-ac0e-42af-ad5f-183951574f62
Fm,XO2,f50676b4-bd17-4d2a-bfe4-17d4a437f052
Fm,XO3,cc6bf4ca-e343-415b-8313-04746501708c
Fr,X2O,5589f4c9-0ed0-4a5b-9010-275a31839d1a
Fr,X2O3,50d82a54-615b-4272-8700-c09f07a3e447
Fr,X2O5,e05d8fc0-5547-46a4-ab1e-24dae4b256a8
Fr,XO,4417caa0-95f3-4efa-883c-922dcd393115
Fr,XO2,6dfde962-15aa-4672-b3cd-c9820ddd0493
Fr,XO3,6cb5d59b-e26f-4362-9ec1-3e860c10801c
Ga,X2O,0c5fcf4d-bb6c-4a9c-996c-ed84e2d09589
Ga,X2O3,8065a465-a442-41cb-ae07-17e810cecc6a
Ga,X2O5,7af22295-b042-4e9e-9a96-682c14812d4c
Ga,XO,95649293-a3a2-4540-a9bd-bc1422cc364c
Ga,XO2,a4f3212d-fa99-403f-adec-a5c714c230d1
Ga,XO3,7615117c-67e3-45af-8f4c-5435c1759412
Gd,X2O,bf39893a-8c90-41f9-8e56-e75c91876fb4
Gd,X2O3,59309b2d-7295-419d-aa7b-4ead40ab903d
Gd,X2O5,eebc0ec7-a3cc-4d6e-b43c-20255b896b97
Gd,XO,42b29667-7a7e-42ac-9122-50c72546e7d1
Gd,XO2,24393b35-fbe7-48a6-9a0c-d030c9635613
Gd,XO3,6544af89-3305-4b93-90e7-f7d9e7160d18
Ge,X2O,373f1f8b-fb4f-4589-af16-c104e2fde964
Ge,X2O3,7b5b0cb4-8726-411d-a35b-feb86dfa39e4
Ge,X2O5,7854adb5-4047-46f4-b5e2-6178f836e26b
Ge,XO,08f5804f-3510-4a73-b563-a77318f92272
Ge,XO2,deb1f8af-2e7b-4f27-8a5f-21eaf2b84472
Ge,XO3,d50af1e1-e78a-403d-a38f-d9f361a1b953
H,X2O,c6d1170d-598d-4314-a120-6b12ef9625d3
H,X2O3,2e4ac390-8401-4bb1-a759-3babdd01ab67
H,X2O5,0df83ad4-375a-4451-b18a-abd66d5b2b96
H,XO,26b3d19d-251b-4189-81a8-3db2dbc1522b
H,XO2,b506f257-f51b-4484-aaba-52bda3791f89
H,XO3,95ad283b-7f6b-49e1-b04a-9d1eba3422cd
He,X2O,4eefb22f-24ab-4ebf-96da-0d0846407b9b
He,X2O3,30520942-a567-471f-98d7-ce87c980243d
He,X2O5,274b8912-a99f-4729-8c3d-8ba6056c0613
He,XO,34937c53-1d74-4bca-848f-3a50de202364
He,XO2,633c8efe-7bf7-407a-ac80-16e83c4cc153
He,XO3,adf53357-f25f-44f1-a3fe-5c6d689e483b
Hf,X2O,4f720677-b07a-4fc5-aba2-6f565fdeb149
Hf,X2O3,e6dcceb3-d30b-46f0-bd7b-931f414614c7
Hf,X2O5,26099c51-c616-481a-b724-a4ebbd84a38c
Hf,XO,203e7e84-eec9-469c-8a71-4bd7de535112
Hf,XO2,95676510-d89f-44ee-92d5-8d98c34e10e8
Hf,XO3,2afb2cfd-d383-4b05-933a-cb7dbe871dc1
Hg,X2O,53d5183d-8f68-4556-bbf1-22a800a40fcd
Hg,X2O3,34c7919b-1dfa-4890-9e33-2d65f7568fc4
Hg,X2O5,b32abde0-ac9d-4f80-8d8a-a5a945789291
Hg,XO,51ea9fc1-37aa-47c0-9e4d-dbb1e971a581
Hg,XO2,a6376697-b33d-459a-ba87-a72555c6651b
Hg,XO3,db266d9b-d01a-4da0-82f5-cba3dfe81790
Ho,X2O,493ffa76-c4af-4a8e-aacf-d59b23c8d822
Ho,X2O3,ecf715bd-5c27-44b2-9200-46543f91234e
Ho,X2O5,378ccac7-0eab-446d-9715-5e83e27dc18d
Ho,XO,08bfab54-d789-4c97-b680-255dbb72d3b6
Ho,XO2,25e9ca6d-1443-41b7-8287-295e70518802
Ho,XO3,2acec04c-f224-4a1e-8eb0-180ef44baff0
I,X2O,9d7a3412-baa5-480a-937b-19dde9a30755
I,X2O3,20de6c69-3364-40b1-a59f-b26af0ae3d9e
I,X2O5,2debbf77-a321-4d60-9ab0-5d6b46545625
I,XO,9368182a-ad86-4a04-b900-9e625314cdaf
I,XO2,afeda10b-0484-44dc-b03e-38575c18dd5a
I,XO3,cf8ac974-ffaf-4a16-8d7f-53124b8a39fc
In,X2O,6ebd6388-d967-444e-9137-325e9cea4d03
In,X2O3,19a0bc9c-75ee-46f0-a339-47d184962807
In,X2O5,8db95cde-c9b0-41a9-94ad-1fd215149e33
In,XO,c4268d06-3028-4954-9c97-04c7750243f6
In,XO2,fa49017a-385b-4de3-8ee0-c613eb0edd5c
In,XO3,4890c248-92fc-4a5d-8191-a49138bd011b
Ir,X2O,843a05c1-d829-43e5-89c6-33171083c78a
Ir,X2O3,e60356d0-e300-42db-a946-70b951242b25
Ir,X2O5,0be8de78-47a3-43fb-899e-ceb4b4b1b541
Ir,XO,03d012d5-7b2f-407d-93c1-5bb05df2bc7f
Ir,XO2,e2d921f1-dfa7-4c1c-aef6-9450fdff19fe
Ir,XO3,45feae1d-4d1d-4115-acb0-fc64a69f2e70
K,X2O,1e408bb2-05a8-413c-a310-828df09c46be
K,X2O3,ad29a5f7-06e9-4447-9845-f5157cf688ab
K,X2O5,8a2db320-ffe4-43a1-905f-89c4d2ecf11d
K,XO,d329a77f-dce4-4aaa-a201-de082bbfc3b4
K,XO2,fc45472c-ce48-421e-8a1f-eb2c20f6c74d
K,XO3,a4a3d3f0-2a1a-4f75-9a02-32071ff2273c
Kr,X2O,2cd3b2b2-a1c3-4129-a7a9-166b54ae94de
Kr,X2O3,3832dc4c-547f-456d-b7e1-d29aefa9f19e
Kr,X2O5,d7e8ca05-2b47-4cb1-9222-08ea6d8ef5b2
Kr,XO,b06d2db9-aac5-4c6d-8806-b2e9fee6abd4
Kr,XO2,e61c3bce-9b5d-4965-88c6-570202a0ae1f
Kr,XO3,72358b2b-cc29-4b64-b5b9-eb57538108b1
La,X2O,c33a8554-898f-4b19-b52e-b8aa868aba6e
La,X2O3,823367aa-c851-4c5b-b0e8-567d6ade826e
La,X2O5,52813a6e-0841-4122-bba3-f9f539f32fb6
La,XO,38c37bf5-51c0-4ccd-8a2f-46aafff645de
La,XO2,93e9e10e-8e3c-4cc3-b45a-fac201c8979c
La,XO3,50cf4011-9683-491a-b029-92703258a9f3
Li,X2O,d1561fa6-f329-4a19-94d6-2a31b01f55ef
Li,X2O3,0f4ca1f1-66ff-49d8-868f-a40f32bc7da4
Li,X2O5,d44d6c1f-2254-4448-a969-bef5afac062d
Li,XO,d1e359d5-6fbd-49a9-9391-13f204e6a90b
Li,XO2,1e497064-805f-4503-9f51-21297b8e0167
Li,XO3,1b7ffe15-f0ea-4a93-92c2-5606fb57eb27
Lr,X2O,af741843-3922-44cb-98e8-3cb606b2255a
Lr,X2O3,1c2a44da-aab1-44de-a457-26e8b06d9508
Lr,X2O5,08e0de07-9dfd-4f76-be75-d51fc95789d4
Lr,XO,3a26053e-28bc-43d6-b8bb-a3e643f582f7
Lr,XO2,5e9c91d9-a669-4c5c-9986-9cc800a97e4f
Lr,XO3,3280fa9c-839c-40ed-972d-bc9ac576d36e
Lu,X2O,40a50ad0-447e-4f3c-852a-a4117e596bee
Lu,X2O3,9a8bc563-e4d9-4896-af72-9e65966b3b94
Lu,X2O5,ff6e82c4-a882-410e-87a3-4f3293096d0e
Lu,XO,7ed43596-daa5-4010-b172-a933c15f5bc0
Lu,XO2,7489d72b-118c-4528-99e0-ec15b7d13302
Lu,XO3,a3793b27-0bac-4eb2-9395-55236929d6fc
Md,X2O,b0b2c222-25a1-4d57-af0f-1ffddc72ba55
Md,X2O3,de88d5b5-59d0-49d0-8c53-8918433303b0
Md,X2O5,ad888cd3-2786-41e6-bd5b-3115ff448697
Md,XO,bf758a39-293d-4c30-8200-f9a3a65e06ca
Md,XO2,7e6138e6-fc7f-424d-b855-7b64aa829706
Md,XO3,dc7253ea-699b-4d63-8666-e3b4f4518d42
Mg,X2O,8559d666-525a-4120-aac9-c98c4177443f
Mg,X2O3,e9c99067-525f-4b58-808e-f578f0255744
Mg,X2O5,3dd9123d-995b-4ce9-b275-d69986b3c7e0
Mg,XO,18fdfb71-ad40-4dfb-bb9e-9c3956208628
Mg,XO2,c91fe23a-6899-4040-96b6-179930784b22
Mg,XO3,5aa295f9-6d0d-416c-abbd-f44ca02307bc
Mn,X2O,8cd4648d-28e6-4dfb-90d1-d7331e9416d1
Mn,X2O3,b163c499-59d3-4b36-9d4f-bf25da5f5daa
Mn,X2O5,954158bb-34ed-4479-8e82-d6a5f0f55308
Mn,XO,40f09a97-9d6c-4107-9c75-51831d45fd61
Mn,XO2,2e7cc84d-793e-498e-a982-05d0d1e038eb
Mn,XO3,87f3bac3-697c-4e07-ae0f-6ea9cf18b6f2
Mo,X2O,a3a3480f-b0d7-4fe4-adfe-c2730aa3053a
Mo,X2O3,7662f507-51ff-4517-9bb7-d64837a55151
Mo,X2O5,0e878124-1549-45ca-8e61-93b4159dcdd3
Mo,XO,6b4192c6-463c-4067-b42e-89ee89e47e1b
Mo,XO2,0895e78b-9bc0-475d-a7a7-758d43ff5079
Mo,XO3,f8870821-8eab-47f6-b26e-f9f46060e074
N,X2O,72d820e6-60b6-4541-9c5e-0828e6d77179
N,X2O3,dd19fca7-fe8f-4a64-8bab-fbaf838bb38f
N,X2O5,ef82ed32-3862-4c36-bbe2-b952dffd5d47
N,XO,624f5efe-33e5-4eae-ae8e-93966aa68b9c
N,XO2,8e6348e7-c2fb-4d0a-8afe-95de90cb5ed5
N,XO3,86c56a84-2ca2-4b80-abc2-cb6b02835f79
Na,X2O,21da318f-00ef-4dba-b55b-f70fcf1bc98f
Na,X2O3,36c34e68-4f0a-436f-8872-8112bcf0360d
Na,X2O5,2a0d4c6f-4206-4569-a20c-aae156cc2870
Na,XO,5c1a2833-1267-4b4a-86f5-267f36d51fb7
Na,XO2,b63446df-a2b4-4a68-8e26-1320fb755567
Na,XO3,387951ab-54d5-4090-82ef-0abadd6b786b
Nb,X2O,c5458608-52d2-4d85-ade6-d5ff21ecdf92
Nb,X2O3,69a810e6-1690-4c75-9760-bd636c024662
Nb,X2O5,9289f897-46c2-4457-af8d-5160ed053881
Nb,XO,e455b699-aa91-4ccd-8858-ba8df19d516d
Nb,XO2,d4e76449-e088-47d9-b509-a9ab4a100281
Nb,XO3,bf158b02-d018-45be-9e33-e65acb43da7a
Nd,X2O,5644556c-d192-4be3-a0ad-fbb7a49a80b8
Nd,X2O3,b38655ab-6742-4da8-9900-41589d2627da
Nd,X2O5,4979d8de-6921-4b28-be45-98a9fd6b13f9
Nd,XO,b983416b-df2b-4445-8118-a04359f8044f
Nd,XO2,5ebd6a71-c087-42ef-870c-cbfcdc246f52
Nd,XO3,3fe1ce1d-e113-4e95-ad7f-766c168f1dae
Ne,X2O,4a22841b-a594-4400-9940-ada053f3c8f8
Ne,X2O3,6c2c03e1-f24a-4b99-acf5-698aeb477bd8
Ne,X2O5,e0498192-efb4-4688-b9c5-41deec66311c
Ne,XO,5ff0d1da-a727-402d-b43e-bddb7a24392b
Ne,XO2,d8eb0ba8-d699-4068-a9c7-2263d2856e8d
Ne,XO3,7fdcdb9a-9a35-4b09-9913-491e23d16204
Ni,X2O,4241f155-df08-430d-82e6-a263c7cdd13f
Ni,X2O3,1ebc39f1-c481-4631-a66c-d947f9aa6be6
Ni,X2O5,e8d6aec1-f75b-468f-8ed7-c1a04eb42932
Ni,XO,cf6cbacd-2691-4ac6-a60b-51e638a74e99
Ni,XO2,36f65215-5bdb-4f26-9a2a-44d329cef6ec
Ni,XO3,d602df21-6a30-4d72-b6d2-fa17ad221bca
No,X2O,1a579ebb-dbec-491e-952d-e990b7855354
No,X2O3,8dbf2d9a-7be1-46e8-be9c-d8b67ce31bae
No,X2O5,1216d0f5-4f1c-440e-9b95-23b9a5678457
No,XO,5efeeee6-6f4c-4744-a464-382e220494b9
No,XO2,0da56902-7fe6-4f12-b5f9-9c7b24451f51
No,XO3,93dff1de-dc8f-4bd1-928e-cd5b6cd09949
Np,X2O,5befd1c8-4d49-4244-8105-b88ccb68a0e9
Np,X2O3,c3356dec-c44f-42f4-9783-b1881705b410
Np,X2O5,8de4e5f7-5ef4-4fa9-8c3f-d2fa7a13da63
Np,XO,4559287e-3b83-43f0-9b5c-17925c763183
Np,XO2,80f7fc0b-8bc7-4f5f-b31a-98dfa5bd2c29
Np,XO3,7d052c1d-3ab3-4377-862d-7ac16623af83
O,X2O,cb860377-c639-476d-ad05-ec715fd406f6
O,X2O3,5a9cb6c7-e07a-4d80-a348-440537ab4192
O,X2O5,c2da39a8-3a32-493b-9354-febdf4caeae9
O,XO,c55b5005-4ef5-42b6-9749-0cb18e815630
O,XO2,03923745-e7c9-4839-9991-ba5223566232
O,XO3,ef532fa7-14ac-45eb-a612-ac5839540bec
Os,X2O,fabf0809-2b2a-4c9a-890e-9a26a1cdbf42
Os,X2O3,0d489a06-c51d-448e-b2d2-86ff7b2c1522
Os,X2O5,ce131a3d-73c0-45c9-a1e2-de2655d3fb60
Os,XO,414b01bd-0c20-441b-9169-e8258d231f90
Os,XO2,c6d4e0c4-7136-4209-b67a-b629ecca31a0
Os,XO3,2ad06147-47e8-456b-ada5-0995da44123b
P,X2O,f919a615-d275-43c1-8862-157723a24d08
P,X2O3,2a2cc3f3-3023-40ec-9678-b68bff3c96ba
P,X2O5,d42c696b-50f0-493a-8b52-d0e6fb5a88ea
P,XO,224b9d8c-fdc3-4b80-84d2-a6c78220911d
P,XO2,90fcbb77-3d5f-454e-908f-292d9b04ecde
P,XO3,88df7342-2da9-4f19-a16f-27dcdf75c13c
Pa,X2O,33e903f4-ac13-4b6d-a2b0-7e2114cb276a
Pa,X2O3,93baa56a-34ec-4fa9-b708-9855457e098d
Pa,X2O5,ad74a31b-882a-4090-928c-26585ab4a8ed
Pa,XO,e22e7c3b-81b8-4421-963c-8e1e0aeea2a4
Pa,XO2,91228966-ca0d-403c-a85e-f498227e9e84
Pa,XO3,7361a767-112c-47de-b1b0-8fe3e312f9f0
Pb,X2O,19ea103e-8d42-44e3-a00f-b62740a4485b
Pb,X2O3,c78bda3d-e930-466d-8532-e320b1790d12
Pb,X2O5,02cf339c-7452-4af3-bc7f-158024955379
Pb,XO,ecf4421a-3cc4-447b-8d60-6c5042a4ff6b
Pb,XO2,4c3d60c8-6c68-465d-b9ce-d04d1b24f815
Pb,XO3,4857bbfb-1e66-4511-9a30-b618eff3ba81
Pd,X2O,7b244cae-bb75-4de1-9e8a-ba2f91cd4a5f
Pd,X2O3,365ba3d6-b147-423f-a9ff-7dc5e3c943ae
Pd,X2O5,9a0025fa-a1b0-4768-b426-3c2e7495f528
Pd,XO,41513038-25f2-4bac-a1f4-b874f20af00e
Pd,XO2,cc3d2705-3a6d-4178-a892-d9cfcba5ac62
Pd,XO3,325b0112-f073-433a-89b1-56523fdf7723
Pm,X2O,268be80c-530d-49bf-adff-c4a8fa662f2f
Pm,X2O3,5778a03d-ee91-4dac-b4e6-2519af814342
Pm,X2O5,257150ae-5c65-4be4-ba92-bf1178e58131
Pm,XO,3ec5087c-3abb-46d6-85c8-a39f2b8be257
Pm,XO2,f388a5c1-3f83-4f70-a37a-a4e99ce88ba6
Pm,XO3,51a72cb1-3b3d-4286-afbc-b2fca00ec56b
Po,X2O,03dba07e-cffc-452b-966b-d3d20462a6db
Po,X2O3,ec103dec-21c4-47a9-9c2c-d153566c59a9
Po,X2O5,8563361b-d631-4ef5-9449-7b90a4aad797
Po,XO,85531e98-2c1e-4968-baad-8e001ba44fe2
Po,XO2,e6e52396-72cc-4ce8-a2c3-d54b3dc41fe4
Po,XO3,74ab5c71-f626-495c-9d3b-9778163d8087
Pr,X2O,6aac190f-c6ec-4a3b-bd59-61ef6da4153b
Pr,X2O3,07cdab0e-032e-4ac5-ba2e-7f026a02c8a7
Pr,X2O5,50862ee8-d2ed-436f-af96-787051a75a98
Pr,XO,4e0d9444-9513-4be8-a8a9-d55a73ee8ee8
Pr,XO2,21274b44-5bdf-41de-a162-95bd961e059d
Pr,XO3,6d7cd930-9385-4581-8aeb-2b4e6dc56f84
Pt,X2O,9e0bf54b-0068-47d5-b65a-c98e9348d720
Pt,X2O3,20dc6e32-06f7-42a0-8857-4b59b7fe42fe
Pt,X2O5,c521b60b-a596-4c33-baeb-f312fccaf2f4
Pt,XO,fa1f5c56-5497-49bf-b482-54ca867bd9b7
Pt,XO2,eb1d5834-ca32-4465-9879-7ee16adbcf73
Pt,XO3,8a785d0b-2160-4517-9fa1-93193359f3b2
Pu,X2O,98c27ac2-5792-4b7a-8c3a-f27d7c35a0d9
Pu,X2O3,1b85f3d9-2886-4c52-b424-d805a8a49df8
Pu,X2O5,d96e83fa-a412-476f-893f-ff36840391d2
Pu,XO,bb228c88-c787-40cc-8a16-ef9de7411520
Pu,XO2,91e8510b-c66b-4472-bd9b-e31f5be1e479
Pu,XO3,648a2557-f17a-43c2-ad0d-611cd5aa833a
Ra,X2O,ac7dc945-bdcb-42ac-8312-45dd203f1634
Ra,X2O3,b1c037e7-edcd-458b-89fb-eb70c32cd6ba
Ra,X2O5,05b1f23b-ed6b-4346-9678-be75b762355f
Ra,XO,012a4bfa-184d-4b14-a33d-9510d7da7784
Ra,XO2,8619ef81-41a8-44a7-bc54-40d379c4127e
Ra,XO3,6dbbc9f9-f97a-4ab6-a336-3d08d2821ada
Rb,X2O,3c99d7cb-08de-48db-a285-decacfe3aa8e
Rb,X2O3,add06b7d-23d3-48e5-b606-ac7f19c47df3
Rb,X2O5,49053610-fdf1-4546-aa3a-69e42fdf804c
Rb,XO,11399ead-06af-419d-b8bf-0a9c2bc16630
Rb,XO2,ef7608ef-b770-495e-bebe-16c9c498b6d0
Rb,XO3,74d8c065-0ade-4fc5-a442-f62a3ebc74bc
Re,X2O,a653627a-cab1-436a-b9aa-58d2b222f072
Re,X2O3,220b294d-b224-4d13-a805-e093eaaa0715
Re,X2O5,11fa20b4-216d-4bab-9640-26d1f53f2be3
Re,XO,ccd9c129-cf6e-4e18-9337-8e3b16a847a1
Re,XO2,e4f5465a-a211-496c-aa2b-584dba5f021f
Re,XO3,44437093-20a1-4cf7-bdae-c6f517a16253
Rh,X2O,78d92b32-fddd-4c83-b8d3-9c6b50fa6cfa
Rh,X2O3,c001cea0-c006-466c-92f3-ddeb48890ccc
Rh,X2O5,6864d1bc-9278-44e4-8422-b8abe0f3a1ee
Rh,XO,978577fa-5dd8-4e02-a285-7b25476161da
Rh,XO2,53e554d8-0ee7-4af8-958d-ede48c42dbea
Rh,XO3,e22d1625-2818-4447-9396-bf649d0ee36e
Rn,X2O,25fb3077-2d29-4132-9416-dbbb7c758a45
Rn,X2O3,809f0e3c-9162-4584-aa80-557836fc5836
Rn,X2O5,1fa7e3e4-874c-4b42-9b8e-00d03687ed66
Rn,XO,57e0818b-4737-4467-996c-eadbdc89a8c1
Rn,XO2,59aaabe5-6497-477e-bb58-2d5e13d6d2d2
Rn,XO3,f7e1ec3b-6dc9-4d91-8c67-2b5bf9c01bd7
Ru,X2O,18e1a21f-ed48-4a3b-94b4-be4f3f7aa837
Ru,X2O3,27e13817-4529-4499-bf31-72ae3ddd12f7
Ru,X2O5,471de6cb-133c-4e37-aa4d-a70b598c59b0
Ru,XO,0aa46b09-8be8-47ba-9a6d-7c7404aea2ba
Ru,XO2,e7463c52-e030-4eeb-b7ff-2df9f3cd1ce0
Ru,XO3,b91a177b-cf78-47a1-83b3-6153b7046403
S,X2O,555b6c8b-5e0d-430d-bdb6-dc7502eb6356
S,X2O3,85c45ff9-dd03-44b1-99ec-0ec79dd4746e
S,X2O5,067bd723-76fd-4def-9910-c3010c5e4824
S,XO,4e773b4e-7c45-4a79-9879-9b865eaec0d8
S,XO2,62ca6bb9-d103-4c37-ba87-7b47dbfc4813
S,XO3,f148de71-cc54-4e6b-88a9-5191b7b710fd
Sb,X2O,cfb3444a-2c1f-4d1a-81ab-3fe17221e60a
Sb,X2O3,1cf2cfb9-30b6-4b44-a986-819b7f11618c
Sb,X2O5,ad70cd43-a880-4d45-bcab-a4c9e8445c89
Sb,XO,b16aec63-2196-4b4b-977b-5c9f759d74c2
Sb,XO2,2ca1456b-4ad9-42cd-9ad2-8fd51b7827d9
Sb,XO3,34af386a-f045-40f2-b77f-ce2eec6e5e37
Sc,X2O,539c0bba-800a-444a-a9f0-33dd4cad56b2
Sc,X2O3,03b67219-dae7-404c-b3b5-d0925c83da2c
Sc,X2O5,bff9ffc1-0e77-4d7b-b92a-249fec353875
Sc,XO,ac908d32-228d-476f-9dec-94578f66c4bb
Sc,XO2,b220bc89-ab95-4f81-9924-d1364fce625b
Sc,XO3,a5dbd2c1-b487-4ce5-a7ab-67a59db24a04
Se,X2O,698a1493-9294-43e7-82bd-0c401353ad4f
Se,X2O3,52e6b89d-131c-4d77-a789-e9d96f8c6858
Se,X2O5,326d8087-15fa-49c8-90b1-53a3b888fee8
Se,XO,5d6219bf-c0e4-466b-93f1-d5af1fc91d3a
Se,XO2,d9b825c9-ccd3-4208-94b6-5617d23eacb0
Se,XO3,43f8f429-a8b5-4b99-b9d7-e3eb72808952
Si,X2O,a86ed251-be90-4873-9ef0-494566687a03
Si,X2O3,297bf6de-9551-4fdf-8f68-ee3246d9bb86
Si,X2O5,75046da9-0bda-4c52-99ce-862523286d47
Si,XO,c596ea60-1328-4006-a770-2ee1ee8539c6
Si,XO2,89a5648e-6849-4922-b6fa-0ac18bf63130
Si,XO3,2ff632ff-a15b-4eed-8904-0a02a5e4dad9
Sm,X2O,4e763269-9b69-4792-b3b7-9acd1ea1278d
Sm,X2O3,bc0803e4-091f-49f8-87db-92529833fd87
Sm,X2O5,37abb6c5-56f9-4db7-8cdd-511979c96971
Sm,XO,afffc5bc-6d54-4051-ac65-5945eb40e6f7
Sm,XO2,d54538f1-66fd-4933-95c2-ba6561e8b97e
Sm,XO3,11e5470f-96de-4f7b-8cdb-6797c320d6cd
Sn,X2O,2dc0323c-c6c6-432e-b00d-7f9f9d69a7bb
Sn,X2O3,02e5300e-46c8-425f-a0d4-01e52fb84893
Sn,X2O5,b2d6a3e7-0383-417d-a27f-b8a6429e3dc6
Sn,XO,b150044f-582d-4be0-a669-912b78a74891
Sn,XO2,5b92a952-c394-4239-a4f5-4012e7075d2f
Sn,XO3,6e051d08-3dbd-4d1c-b4d8-e74a032dc2b4
Sr,X2O,82f41405-88fc-4b8f-8159-e762e8606cfe
Sr,X2O3,40d90142-fb3c-4947-a6ad-557dfd33970f
Sr,X2O5,6d8e3a8d-0fdd-4c25-b5a2-78ea2c4733f9
Sr,XO,156a13e4-b8bc-445a-9130-8c3ede695d9b
Sr,XO2,97b64ca0-68b7-41f5-982c-7643e0c78241
Sr,XO3,0650c317-5605-4908-b780-d84b63e3db85
Ta,X2O,d74b48e0-b6e2-4907-a703-5f28b992eb16
Ta,X2O3,dc745788-5dc4-4f71-98ea-527e60801b6f
Ta,X2O5,91eb26b4-94f2-45a0-9dee-2023c510b148
Ta,XO,a206aabf-bfa3-4aa4-b60e-315b5eb85088
Ta,XO2,2e91380a-9e25-4dc8-b3fb-494c5f2ee14f
Ta,XO3,1a869df3-1222-4788-9434-c1de9074da06
Tb,X2O,3b648129-d148-4e11-889c-d89be7d118bb
Tb,X2O3,306c254e-7d4c-45bc-81c4-28d552e4ec86
Tb,X2O5,2fa88b10-8800-4a98-9ba0-e7e737c9f294
Tb,XO,76038ee5-3da9-430b-9ea1-48ebd6ec6c28
Tb,XO2,b3efafb6-23fc-4ee4-b2e6-2778ba1fe049
Tb,XO3,56e8ec20-22c6-4007-a55f-d0ff3eee5a5e
Tc,X2O,db3f607d-9c60-43bc-8c76-7dd9db233cad
Tc,X2O3,91ba6fcd-d58f-4d67-be51-b26eb12f4bf8
Tc,X2O5,a50ac232-c3ed-4c9a-9160-381a4894d938
Tc,XO,c6123c61-13b9-4e45-8a79-5c8bc0e310fb
Tc,XO2,1728c4ac-bda7-42bc-bab8-3a4287cacd8b
Tc,XO3,478bf95d-62c2-4178-baa9-e8210ecc90d3
Te,X2O,0761f4db-da42-41cc-a7f7-05b380999d7b
Te,X2O3,748ddedc-c89f-4232-9c70-061298335c83
Te,X2O5,ac5dd188-a0a6-469c-b628-f88db6dd03c4
Te,XO,f5314eff-135d-4cbd-bbd2-b630f48b8337
Te,XO2,8a74819d-54ca-472a-af53-4cbdcb531d5e
Te,XO3,0b904964-8bee-4f29-b0f1-7581f2447e68
Th,X2O,4d7e1b96-bd1e-47d6-b310-7af4b4599d5d
Th,X2O3,a7f51a64-636e-45de-bb54-a2eaba2ab105
Th,X2O5,b9ce5e52-2cc5-4f81-b58f-01f73ff0dbed
Th,XO,9bcba4db-249d-4cca-9daf-25f6c840a0bc
Th,XO2,737b1303-ff78-4661-8cfb-f7cdb62255e0
Th,XO3,ae6f8017-e329-4f4c-ab09-995e45b1548c
Ti,X2O,b9662906-db3e-4e97-ba03-e2634cf60802
Ti,X2O3,72b72a1a-2485-4025-b605-9843c28f80bf
Ti,X2O5,1c1b5c87-90fb-46bc-8b9a-7aeaf21b77ce
Ti,XO,84512566-aa27-4f56-b7c3-8f776c6b710a
Ti,XO2,be8dc680-b59c-4dff-825a-5477d77f170d
Ti,XO3,41c2d8bd-8e83-4e5b-92c1-0bff44fc1f0c
Tl,X2O,773f02dc-bde4-42cb-b960-ec12dca9d82a
Tl,X2O3,ad23bc73-2731-4632-bf01-8f57f1cc4535
Tl,X2O5,1c5efcc1-b6c1-4612-b322-0f1192191b5a
Tl,XO,9843f731-9251-4e4f-b7e4-1aad9b460c6c
Tl,XO2,c9b0456d-13f9-4821-8751-6391e01dddd2
Tl,XO3,08a80a48-5485-498a-a63f-b7681f54c8c9
Tm,X2O,6b156c9c-27a3-40e3-8380-019023d0e680
Tm,X2O3,72ebb85f-b2a1-4e64-9605-c91dbb02dfdc
Tm,X2O5,472da963-be0a-4d85-b322-b198000a6d59
Tm,XO,43daabab-94af-4fae-924c-f0b6162b735a
Tm,XO2,ed05c5ab-b202-44fd-be14-12b36b87b9f4
Tm,XO3,ab6830de-6b06-4d33-9bae-dd6ff4b7e6b1
U,X2O,ab4d3e27-bf98-415c-8eb2-63d46c7f184e
U,X2O3,3e340953-0af9-4aec-bc8b-8e46b54b05e9
U,X2O5,4da923f5-14d7-42d9-a78c-79acbae9d5fd
U,XO,587a9abc-1332-4551-9981-9d0b8fdd6731
U,XO2,2a5fa805-deba-4b88-824f-0b623da2d718
U,XO3,4d7c9ca4-1d70-4395-b2a6-622236a233d4
V,X2O,08802d33-6480-4401-bf47-7889cdda9454
V,X2O3,546ecea0-d885-403d-abd8-2cd9b4663b3d
V,X2O5,337c6c1b-97e6-4477-8533-a9f7d9356644
V,XO,3a329f1c-d3f6-4c94-94c2-72226f56d9ab
V,XO2,6198a848-8e4b-424d-995a-4967d4aed44d
V,XO3,9ce24806-8391-458e-a888-8a333acc4130
W,X2O,fb938891-0c6e-423d-b2a9-c37629ca5188
W,X2O3,d0bf855f-f705-4d9f-aab7-c5a80de2f334
W,X2O5,5ae95ed3-d9cc-4e36-b07a-398905c9d49d
W,XO,070b3dfb-2730-48be-867f-f73e07dd9a6b
W,XO2,c3eda072-1cc0-477b-ae92-ba86b88ada4a
W,XO3,188cc930-33ef-4829-bab8-29ad4e3638af
Xe,X2O,60be3846-db0e-4970-8473-80a9c360a0d0
Xe,X2O3,5fe8c3ec-2b83-42f3-8914-5e92f3e5e5ba
Xe,X2O5,506aca2b-0a28-4628-ae72-c468be07836d
Xe,XO,c70779e3-1f69-4a5f-a7d3-9700272b5ee6
Xe,XO2,e2f0f7ca-aa84-4dd9-8747-5269f5d8181b
Xe,XO3,d258772f-d4bc-40f0-b11d-22023dd6dbba
Y,X2O,87589d68-8fcd-43da-8fa1-09437c51f7b5
Y,X2O3,28106b6d-509d-4b40-9978-13530e3d93c3
Y,X2O5,6ace87ab-96e9-44cc-bf96-bbc34038c539
Y,XO,f3d30acd-f1a3-4336-a4e2-2af8a3202a17
Y,XO2,ed1e6a8d-54fb-4ee2-907e-4650af578d9a
Y,XO3,341552dd-ae59-4f61-a973-e2a0b58a9247
Yb,X2O,b70f6ce0-4b1e-453c-a038-9e2f1ba65ce3
Yb,X2O3,25a0d783-1c45-435f-bd26-4266f6fe625c
Yb,X2O5,08b2d9bd-a0c1-4194-bfee-c0d505c16401
Yb,XO,effa81a9-77fd-42ec-a559-4455ebb398a4
Yb,XO2,e3867b6d-0f18-4903-9eff-61b66de04e2c
Yb,XO3,daa4ec75-4e70-4429-ac83-1a3ca15ac9ce
Zn,X2O,9de9809a-6caa-4ef4-9d57-d4b16f988883
Zn,X2O3,dbb6ead2-f10a-473e-b427-e380d5b672e7
Zn,X2O5,7a6ceb3f-a8e7-418e-b9ae-1a3610ca86ba
Zn,XO,03fb6821-22ce-471e-ace6-de1b1269c794
Zn,XO2,774c8898-33d4-4c4a-a32a-bad0c5042bfc
Zn,XO3,79d8de1a-abc2-43b2-afe7-a7558255690a
Zr,X2O,484850ae-a317-41be-8cdb-a4de48d69e4d
Zr,X2O3,3ee12b54-504e-447c-bb73-201c4ba3aa85
Zr,X2O5,f62d0424-63a8-453e-80f3-e43c805a6605
Zr,XO,6811cbe9-0e17-4489-9fbc-f156454e9223
Zr,XO2,b6adb451-42ed-4304-9fd1-83a248178934
Zr,XO3,db571407-5e8d-4ca4-8ee4-d6f2b589a6db
