_Ac_X2O ; Ac2O ; Ac ; 1 ; 2 ; 1 ; 0.34240103 ; 0.34240152 ; -0.68426557 
_Ac_X2O3 ; Ac2O3 ; Ac ; 3 ; 4 ; 6 ; 1.81307671 ; 1.81307683 ; 1.81307685 ; 1.81307676 ; -1.20863977 ; -1.20863977 ; -1.20863978 ; -1.20863976 ; -1.20863975 ; -1.20863975 
_Ac_X2O5 ; Ac2O5 ; Ac ; 5 ; 4 ; 10 ; 2.21665097 ; 2.21665113 ; 2.21665112 ; 2.21665105 ; -0.68575803 ; -0.68575803 ; -0.68575804 ; -0.68575798 ; -1.02098503 ; -1.02098503 ; -1.02098506 ; -1.02098499 ; -1.02098497 ; -1.02098501 
_Ac_XO ; AcO ; Ac ; 2 ; 1 ; 1 ; 1.02623765 ; -1.02564422 
_Ac_XO2 ; AcO2 ; Ac ; 4 ; 1 ; 2 ; 2.18249409 ; -1.09150186 ; -1.09150194 
_Ac_XO3 ; AcO3 ; Ac ; 6 ; 1 ; 3 ; 3.05086708 ; -1.01759475 ; -1.01759284 ; -1.01759596 
_Ag_X2O ; Ag2O ; Ag ; 1 ; 2 ; 1 ; 0.52012617 ; 0.52012574 ; -1.04104932 
_Ag_X2O3 ; Ag2O3 ; Ag ; 3 ; 4 ; 6 ; 1.57636510 ; 1.57636431 ; 1.57636611 ; 1.57636448 ; -1.05269006 ; -1.05268959 ; -1.05268409 ; -1.05268963 ; -1.05266277 ; -1.05268775 
_Ag_X2O5 ; Ag2O5 ; Ag ; 5 ; 4 ; 10 ; 1.50959304 ; 1.50959303 ; 1.50959303 ; 1.50959306 ; -0.44237626 ; -0.44237629 ; -0.44237622 ; -0.44237638 ; -0.71375862 ; -0.71375858 ; -0.71375862 ; -0.71375849 ; -0.71375841 ; -0.71375912 
_Ag_XO ; AgO ; Ag ; 2 ; 1 ; 1 ; 1.25135874 ; -1.25260724 
_Ag_XO2 ; AgO2 ; Ag ; 4 ; 1 ; 2 ; 1.85534816 ; -0.92846992 ; -0.92847002 
_Ag_XO3 ; AgO3 ; Ag ; 6 ; 1 ; 3 ; 2.05252731 ; -0.68584639 ; -0.68584641 ; -0.68584658 
_Al_X2O ; Al2O ; Al ; 1 ; 2 ; 1 ; 0.47145700 ; 0.46994372 ; -0.93957689 
_Al_X2O3 ; Al2O3 ; Al ; 3 ; 4 ; 6 ; 2.13284871 ; 2.13280815 ; 2.13280810 ; 2.13280806 ; -1.42133908 ; -1.42131919 ; -1.42128163 ; -1.42134022 ; -1.42134120 ; -1.42133480 
_Al_X2O5 ; Al2O5 ; Al ; 5 ; 4 ; 10 ; 2.18299069 ; 2.18295292 ; 2.18295301 ; 2.18295300 ; -0.56077902 ; -0.56077839 ; -0.56077940 ; -0.56077509 ; -1.08641044 ; -1.08632780 ; -1.08640016 ; -1.08641215 ; -1.08641117 ; -1.08640538 
_Al_XO ; AlO ; Al ; 2 ; 1 ; 1 ; 1.30138344 ; -1.30110144 
_Al_XO2 ; AlO2 ; Al ; 4 ; 1 ; 2 ; 2.37552604 ; -1.18600933 ; -1.18601129 
_Al_XO3 ; AlO3 ; Al ; 6 ; 1 ; 3 ; 2.13024260 ; -0.70982030 ; -0.70979796 ; -0.70982104 
_Am_X2O ; Am2O ; Am ; 1 ; 2 ; 1 ; 0.52393003 ; 0.52394741 ; -1.04922378 
_Am_X2O3 ; Am2O3 ; Am ; 3 ; 4 ; 6 ; 2.43717466 ; 2.43717466 ; 2.43717467 ; 2.43717472 ; -1.62456056 ; -1.62456057 ; -1.62456058 ; -1.62456062 ; -1.62456063 ; -1.62456068 
_Am_X2O5 ; Am2O5 ; Am ; 5 ; 4 ; 10 ; 3.01909927 ; 3.01909929 ; 3.01909930 ; 3.01909927 ; -1.11893785 ; -1.11893787 ; -1.11893782 ; -1.11893798 ; -1.26843742 ; -1.26843742 ; -1.26843740 ; -1.26843743 ; -1.26843745 ; -1.26843772 
_Am_XO ; AmO ; Am ; 2 ; 1 ; 1 ; 1.59765041 ; -1.59778892 
_Am_XO2 ; AmO2 ; Am ; 4 ; 1 ; 2 ; 2.93896623 ; -1.46932052 ; -1.46932066 
_Am_XO3 ; AmO3 ; Am ; 6 ; 1 ; 3 ; 3.23875532 ; -1.08029154 ; -1.08029153 ; -1.08029162 
_Ar_X2O ; Ar2O ; Ar ; 1 ; 2 ; 1 ; 0.04493373 ; 0.04492946 ; -0.08918047 
_Ar_X2O3 ; Ar2O3 ; Ar ; 3 ; 4 ; 6 ; 0.35646304 ; 0.35645099 ; 0.35645099 ; 0.35645095 ; -0.23863764 ; -0.23863768 ; -0.23863734 ; -0.23863772 ; -0.23863740 ; -0.23863801 
_Ar_X2O5 ; Ar2O5 ; Ar ; 5 ; 4 ; 10 ; 0.33809191 ; 0.33807439 ; 0.33807432 ; 0.33807435 ; -0.13478506 ; -0.13478506 ; -0.13478408 ; -0.13478434 ; -0.13757624 ; -0.13757687 ; -0.13757691 ; -0.13757681 ; -0.13757624 ; -0.13757692 
_Ar_XO ; ArO ; Ar ; 2 ; 1 ; 1 ; 0.29025600 ; -0.28996390 
_Ar_XO2 ; ArO2 ; Ar ; 4 ; 1 ; 2 ; 0.42991701 ; -0.21474131 ; -0.21474070 
_Ar_XO3 ; ArO3 ; Ar ; 6 ; 1 ; 3 ; 1.06575288 ; -0.35611291 ; -0.35611426 ; -0.35611078 
_As_X2O ; As2O ; As ; 1 ; 2 ; 1 ; 0.39362581 ; 0.39351877 ; -0.78646277 
_As_X2O3 ; As2O3 ; As ; 3 ; 4 ; 6 ; 1.55494128 ; 1.55491734 ; 1.55491678 ; 1.55491689 ; -1.03618923 ; -1.03620538 ; -1.03619244 ; -1.03547877 ; -1.03619466 ; -1.03619506 
_As_X2O5 ; As2O5 ; As ; 5 ; 4 ; 10 ; 1.66831810 ; 1.66830531 ; 1.66830514 ; 1.66830517 ; -0.52015706 ; -0.52015711 ; -0.52015556 ; -0.52015580 ; -0.77100124 ; -0.77250762 ; -0.77250762 ; -0.77260562 ; -0.77260336 ; -0.77249196 
_As_XO ; AsO ; As ; 2 ; 1 ; 1 ; 1.04755286 ; -1.04721400 
_As_XO2 ; AsO2 ; As ; 4 ; 1 ; 2 ; 2.10327735 ; -1.05137938 ; -1.05137931 
_As_XO3 ; AsO3 ; As ; 6 ; 1 ; 3 ; 3.05803369 ; -1.01979970 ; -1.01979975 ; -1.01980043 
_At_X2O ; At2O ; At ; 1 ; 2 ; 1 ; 0.42732938 ; 0.42732972 ; -0.85423342 
_At_X2O3 ; At2O3 ; At ; 3 ; 4 ; 6 ; 1.54880041 ; 1.54880037 ; 1.54880050 ; 1.54880692 ; -1.03490930 ; -1.03490931 ; -1.03490930 ; -1.03490935 ; -1.03490931 ; -1.03490869 
_At_X2O5 ; At2O5 ; At ; 5 ; 4 ; 10 ; 2.40396945 ; 2.40396952 ; 2.40396950 ; 2.40396951 ; -0.88135579 ; -0.88135581 ; -0.88135577 ; -0.88135616 ; -1.01601432 ; -1.01601432 ; -1.01601432 ; -1.01601431 ; -1.01601441 ; -1.01601448 
_At_XO ; AtO ; At ; 2 ; 1 ; 1 ; 0.83861822 ; -0.83876244 
_At_XO2 ; AtO2 ; At ; 4 ; 1 ; 2 ; 2.26459259 ; -1.13311641 ; -1.13311256 
_At_XO3 ; AtO3 ; At ; 6 ; 1 ; 3 ; 3.23350735 ; -1.07962609 ; -1.07962614 ; -1.07962653 
_Au_X2O ; Au2O ; Au ; 1 ; 2 ; 1 ; 0.41760418 ; 0.41759742 ; -0.83615702 
_Au_X2O3 ; Au2O3 ; Au ; 3 ; 4 ; 6 ; 1.57597066 ; 1.57597037 ; 1.57597039 ; 1.57597032 ; -1.05133631 ; -1.05133745 ; -1.05133627 ; -1.05133751 ; -1.05133742 ; -1.05133749 
_Au_X2O5 ; Au2O5 ; Au ; 5 ; 4 ; 10 ; 1.62612289 ; 1.62612289 ; 1.62612290 ; 1.62612289 ; -0.54318884 ; -0.54318885 ; -0.54318885 ; -0.54318892 ; -0.72403098 ; -0.72403166 ; -0.72403165 ; -0.72403189 ; -0.72403189 ; -0.72403246 
_Au_XO ; AuO ; Au ; 2 ; 1 ; 1 ; 1.16132346 ; -1.16171749 
_Au_XO2 ; AuO2 ; Au ; 4 ; 1 ; 2 ; 1.98947340 ; -0.99446093 ; -0.99446118 
_Au_XO3 ; AuO3 ; Au ; 6 ; 1 ; 3 ; 2.38929357 ; -0.79786135 ; -0.79786136 ; -0.79786143 
_Ba_X2O ; Ba2O ; Ba ; 1 ; 2 ; 1 ; 0.46316122 ; 0.46317263 ; -0.92552905 
_Ba_X2O3 ; Ba2O3 ; Ba ; 3 ; 4 ; 6 ; 1.58400337 ; 1.58400437 ; 1.58400000 ; 1.58400272 ; -1.05662781 ; -1.05662661 ; -1.05662780 ; -1.05662615 ; -1.05662788 ; -1.05662708 
_Ba_X2O5 ; Ba2O5 ; Ba ; 5 ; 4 ; 10 ; 1.74495458 ; 1.74495452 ; 1.74495453 ; 1.74495457 ; -0.53554881 ; -0.53554882 ; -0.53554886 ; -0.53554851 ; -0.80740265 ; -0.80740264 ; -0.80740267 ; -0.80740267 ; -0.80740270 ; -0.80740299 
_Ba_XO ; BaO ; Ba ; 2 ; 1 ; 1 ; 1.28743906 ; -1.28678526 
_Ba_XO2 ; BaO2 ; Ba ; 4 ; 1 ; 2 ; 1.81398646 ; -0.90672468 ; -0.90672461 
_Ba_XO3 ; BaO3 ; Ba ; 6 ; 1 ; 3 ; 2.31282148 ; -0.77177500 ; -0.77177506 ; -0.77177532 
_Be_X2O ; Be2O ; Be ; 1 ; 2 ; 1 ; 0.34942111 ; 0.34913875 ; -0.69836220 
_Be_X2O3 ; Be2O3 ; Be ; 3 ; 4 ; 6 ; 1.31626282 ; 1.31624028 ; 1.31624029 ; 1.31624028 ; -0.87685659 ; -0.87685403 ; -0.87680653 ; -0.87685545 ; -0.87686279 ; -0.87686056 
_Be_X2O5 ; Be2O5 ; Be ; 5 ; 4 ; 10 ; 1.24236670 ; 1.24236316 ; 1.24236348 ; 1.24236317 ; -0.16077979 ; -0.16077619 ; -0.16077980 ; -0.16077979 ; -0.72227454 ; -0.72227037 ; -0.72227409 ; -0.72227050 ; -0.72227427 ; -0.72227579 
_Be_XO ; BeO ; Be ; 2 ; 1 ; 1 ; 1.33076791 ; -1.33161982 
_Be_XO2 ; BeO2 ; Be ; 4 ; 1 ; 2 ; 1.20458528 ; -0.60260144 ; -0.60260638 
_Be_XO3 ; BeO3 ; Be ; 6 ; 1 ; 3 ; 0.58787931 ; -0.19798226 ; -0.19871887 ; -0.19868798 
_Bi_X2O ; Bi2O ; Bi ; 1 ; 2 ; 1 ; 0.44593996 ; 0.44594060 ; -0.89178537 
_Bi_X2O3 ; Bi2O3 ; Bi ; 3 ; 4 ; 6 ; 1.77629909 ; 1.77629936 ; 1.77629937 ; 1.77629923 ; -1.18553312 ; -1.18553299 ; -1.18553312 ; -1.18553315 ; -1.18553323 ; -1.18553344 
_Bi_X2O5 ; Bi2O5 ; Bi ; 5 ; 4 ; 10 ; 2.22192689 ; 2.22192697 ; 2.22192695 ; 2.22192783 ; -0.71900029 ; -0.71900033 ; -0.71900011 ; -0.71900058 ; -1.00319496 ; -1.00319497 ; -1.00319499 ; -1.00319498 ; -1.00319508 ; -1.00319517 
_Bi_XO ; BiO ; Bi ; 2 ; 1 ; 1 ; 1.13319298 ; -1.13329115 
_Bi_XO2 ; BiO2 ; Bi ; 4 ; 1 ; 2 ; 2.38374331 ; -1.19203564 ; -1.19203583 
_Bi_XO3 ; BiO3 ; Bi ; 6 ; 1 ; 3 ; 3.07678289 ; -1.02701158 ; -1.02701232 ; -1.02700197 
_Br_X2O ; Br2O ; Br ; 1 ; 2 ; 1 ; 0.23907057 ; 0.23896410 ; -0.47912404 
_Br_X2O3 ; Br2O3 ; Br ; 3 ; 4 ; 6 ; 1.01414684 ; 1.01413877 ; 1.01413850 ; 1.01413845 ; -0.67687402 ; -0.67687497 ; -0.67674365 ; -0.67517140 ; -0.67676776 ; -0.67676851 
_Br_X2O5 ; Br2O5 ; Br ; 5 ; 4 ; 10 ; 1.16252058 ; 1.16248914 ; 1.16248688 ; 1.16249105 ; -0.45201149 ; -0.45205605 ; -0.45205801 ; -0.45205624 ; -0.47543167 ; -0.47552430 ; -0.47551799 ; -0.47544367 ; -0.47544356 ; -0.47401994 
_Br_XO ; BrO ; Br ; 2 ; 1 ; 1 ; 0.53257461 ; -0.53242193 
_Br_XO2 ; BrO2 ; Br ; 4 ; 1 ; 2 ; 1.44953736 ; -0.72533446 ; -0.72533370 
_Br_XO3 ; BrO3 ; Br ; 6 ; 1 ; 3 ; 2.13145616 ; -0.71192529 ; -0.71192547 ; -0.71192524 
_B_X2O ; B2O ; B ; 1 ; 2 ; 1 ; 0.23052315 ; 0.23035471 ; -0.45918306 
_B_X2O3 ; B2O3 ; B ; 3 ; 4 ; 6 ; 1.23323396 ; 1.23322397 ; 1.23322399 ; 1.23322399 ; -0.82248652 ; -0.82248693 ; -0.82248182 ; -0.82248715 ; -0.82248205 ; -0.82248825 
_B_X2O5 ; B2O5 ; B ; 5 ; 4 ; 10 ; 1.01380189 ; 1.01379568 ; 1.01379546 ; 1.01379547 ; -0.26354420 ; -0.26354420 ; -0.26354157 ; -0.26354366 ; -0.50003145 ; -0.50003187 ; -0.50003196 ; -0.50003131 ; -0.50003086 ; -0.50003225 
_B_XO ; BO ; B ; 2 ; 1 ; 1 ; 0.80375714 ; -0.79901939 
_B_XO2 ; BO2 ; B ; 4 ; 1 ; 2 ; 1.24999106 ; -0.62499133 ; -0.62497513 
_B_XO3 ; BO3 ; B ; 6 ; 1 ; 3 ; 1.05874307 ; -0.35315437 ; -0.35317584 ; -0.35315793 
_Ca_X2O ; Ca2O ; Ca ; 1 ; 2 ; 1 ; 0.45878018 ; 0.45866049 ; -0.92130359 
_Ca_X2O3 ; Ca2O3 ; Ca ; 3 ; 4 ; 6 ; 1.55745716 ; 1.55744004 ; 1.55744365 ; 1.55744177 ; -1.03822594 ; -1.03822581 ; -1.03817875 ; -1.03822572 ; -1.03821287 ; -1.03822216 
_Ca_X2O5 ; Ca2O5 ; Ca ; 5 ; 4 ; 10 ; 1.57226270 ; 1.57226023 ; 1.57226021 ; 1.57226007 ; -0.38132640 ; -0.38132641 ; -0.38132636 ; -0.38132567 ; -0.79616373 ; -0.79616155 ; -0.79616303 ; -0.79616403 ; -0.79616396 ; -0.79616391 
_Ca_XO ; CaO ; Ca ; 2 ; 1 ; 1 ; 1.29432967 ; -1.29491663 
_Ca_XO2 ; CaO2 ; Ca ; 4 ; 1 ; 2 ; 1.58653410 ; -0.79249441 ; -0.79249360 
_Ca_XO3 ; CaO3 ; Ca ; 6 ; 1 ; 3 ; 1.08526580 ; -0.36347143 ; -0.36347137 ; -0.36346546 
_Cd_X2O ; Cd2O ; Cd ; 1 ; 2 ; 1 ; 0.51629061 ; 0.51626330 ; -1.03718511 
_Cd_X2O3 ; Cd2O3 ; Cd ; 3 ; 4 ; 6 ; 1.59923358 ; 1.59923356 ; 1.59923354 ; 1.59923359 ; -1.06710866 ; -1.06710865 ; -1.06710865 ; -1.06710860 ; -1.06710846 ; -1.06710893 
_Cd_X2O5 ; Cd2O5 ; Cd ; 5 ; 4 ; 10 ; 1.69103911 ; 1.69103900 ; 1.69103899 ; 1.69103900 ; -0.44238270 ; -0.44238271 ; -0.44238277 ; -0.44238265 ; -0.83423856 ; -0.83424016 ; -0.83424014 ; -0.83424037 ; -0.83424035 ; -0.83424021 
_Cd_XO ; CdO ; Cd ; 2 ; 1 ; 1 ; 1.30871842 ; -1.30957664 
_Cd_XO2 ; CdO2 ; Cd ; 4 ; 1 ; 2 ; 1.89292375 ; -0.94607923 ; -0.94607965 
_Cd_XO3 ; CdO3 ; Cd ; 6 ; 1 ; 3 ; 2.09283644 ; -0.69844859 ; -0.69844858 ; -0.69844904 
_Ce_X2O ; Ce2O ; Ce ; 1 ; 2 ; 1 ; 0.43496769 ; 0.43495095 ; -0.87157399 
_Ce_X2O3 ; Ce2O3 ; Ce ; 3 ; 4 ; 6 ; 2.37084168 ; 2.37084169 ; 2.37084170 ; 2.37084170 ; -1.58066912 ; -1.58066914 ; -1.58066911 ; -1.58066914 ; -1.58066913 ; -1.58066918 
_Ce_X2O5 ; Ce2O5 ; Ce ; 5 ; 4 ; 10 ; 2.84436368 ; 2.84436368 ; 2.84436368 ; 2.84436367 ; -1.02402961 ; -1.02402960 ; -1.02402960 ; -1.02402972 ; -1.21338375 ; -1.21338375 ; -1.21338371 ; -1.21338377 ; -1.21338380 ; -1.21338411 
_Ce_XO ; CeO ; Ce ; 2 ; 1 ; 1 ; 1.45606355 ; -1.45640831 
_Ce_XO2 ; CeO2 ; Ce ; 4 ; 1 ; 2 ; 2.85410228 ; -1.42671261 ; -1.42671276 
_Ce_XO3 ; CeO3 ; Ce ; 6 ; 1 ; 3 ; 2.91407425 ; -0.97206418 ; -0.97206410 ; -0.97206121 
_Cl_X2O ; Cl2O ; Cl ; 1 ; 2 ; 1 ; 0.12282876 ; 0.12280783 ; -0.24718926 
_Cl_X2O3 ; Cl2O3 ; Cl ; 3 ; 4 ; 6 ; 0.66457318 ; 0.66439262 ; 0.66439262 ; 0.66439260 ; -0.44287982 ; -0.44391029 ; -0.44391105 ; -0.44398163 ; -0.44396715 ; -0.44389494 
_Cl_X2O5 ; Cl2O5 ; Cl ; 5 ; 4 ; 10 ; 0.60676779 ; 0.60676671 ; 0.60676671 ; 0.60676671 ; -0.26777458 ; -0.26777459 ; -0.26777458 ; -0.26777459 ; -0.22486233 ; -0.22486230 ; -0.22486234 ; -0.22486245 ; -0.22486242 ; -0.22486300 
_Cl_XO ; ClO ; Cl ; 2 ; 1 ; 1 ; 0.36170433 ; -0.36177987 
_Cl_XO2 ; ClO2 ; Cl ; 4 ; 1 ; 2 ; 0.98533584 ; -0.49307578 ; -0.49306908 
_Cl_XO3 ; ClO3 ; Cl ; 6 ; 1 ; 3 ; 1.50689604 ; -0.50389136 ; -0.50389311 ; -0.50388876 
_Cm_X2O ; Cm2O ; Cm ; 1 ; 2 ; 1 ; 0.30233050 ; 0.30236879 ; -0.60645164 
_Cm_X2O3 ; Cm2O3 ; Cm ; 3 ; 4 ; 6 ; 1.69262229 ; 1.69262229 ; 1.69262231 ; 1.69262240 ; -1.12838075 ; -1.12838077 ; -1.12838078 ; -1.12838081 ; -1.12838083 ; -1.12838088 
_Cm_X2O5 ; Cm2O5 ; Cm ; 5 ; 4 ; 10 ; 2.64873833 ; 2.64873844 ; 2.64873842 ; 2.64873835 ; -0.95974545 ; -0.95974549 ; -0.95974538 ; -0.95974553 ; -1.12781644 ; -1.12781642 ; -1.12781643 ; -1.12781645 ; -1.12781646 ; -1.12781670 
_Cm_XO ; CmO ; Cm ; 2 ; 1 ; 1 ; 1.12924813 ; -1.12979894 
_Cm_XO2 ; CmO2 ; Cm ; 4 ; 1 ; 2 ; 2.54262086 ; -1.27115880 ; -1.27115900 
_Cm_XO3 ; CmO3 ; Cm ; 6 ; 1 ; 3 ; 3.10301513 ; -1.03518885 ; -1.03518883 ; -1.03518898 
_Co_X2O ; Co2O ; Co ; 1 ; 2 ; 1 ; 0.08958581 ; 0.08958662 ; -0.17726341 
_Co_X2O3 ; Co2O3 ; Co ; 3 ; 4 ; 6 ; 1.49804522 ; 1.49804089 ; 1.49804088 ; 1.49804081 ; -1.00109984 ; -1.00109721 ; -1.00109200 ; -1.00110000 ; -1.00110008 ; -1.00109912 
_Co_X2O5 ; Co2O5 ; Co ; 5 ; 4 ; 10 ; 1.15752270 ; 1.15751925 ; 1.15751926 ; 1.15751929 ; -0.28517536 ; -0.28517531 ; -0.28517541 ; -0.28517454 ; -0.58550280 ; -0.58547966 ; -0.58550342 ; -0.58550434 ; -0.58550315 ; -0.58550551 
_Co_XO ; CoO ; Co ; 2 ; 1 ; 1 ; 0.94269074 ; -0.94369900 
_Co_XO2 ; CoO2 ; Co ; 4 ; 1 ; 2 ; 2.05304189 ; -1.02725291 ; -1.02725308 
_Co_XO3 ; CoO3 ; Co ; 6 ; 1 ; 3 ; 2.24118651 ; -0.74687080 ; -0.74685575 ; -0.74686801 
_Cr_X2O ; Cr2O ; Cr ; 1 ; 2 ; 1 ; 0.68537970 ; 0.68538051 ; -1.37091197 
_Cr_X2O3 ; Cr2O3 ; Cr ; 3 ; 4 ; 6 ; 2.18823023 ; 2.18823001 ; 2.18823001 ; 2.18822999 ; -1.46045323 ; -1.46045328 ; -1.46045336 ; -1.46045328 ; -1.46045329 ; -1.46045143 
_Cr_X2O5 ; Cr2O5 ; Cr ; 5 ; 4 ; 10 ; 2.30891024 ; 2.30891014 ; 2.30891015 ; 2.30891015 ; -0.64097346 ; -0.64097380 ; -0.64097390 ; -0.64097387 ; -1.11342147 ; -1.11342176 ; -1.11342032 ; -1.11342146 ; -1.11342150 ; -1.11339707 
_Cr_XO ; CrO ; Cr ; 2 ; 1 ; 1 ; 1.71840950 ; -1.71884674 
_Cr_XO2 ; CrO2 ; Cr ; 4 ; 1 ; 2 ; 2.46704873 ; -1.23428003 ; -1.23389397 
_Cr_XO3 ; CrO3 ; Cr ; 6 ; 1 ; 3 ; 2.77788857 ; -0.92768458 ; -0.92774917 ; -0.92774929 
_Cs_X2O ; Cs2O ; Cs ; 1 ; 2 ; 1 ; 0.65928526 ; 0.65928223 ; -1.31936354 
_Cs_X2O3 ; Cs2O3 ; Cs ; 3 ; 4 ; 6 ; 1.10847993 ; 1.10847993 ; 1.10847994 ; 1.10847990 ; -0.73949328 ; -0.73949328 ; -0.73949326 ; -0.73949325 ; -0.73949324 ; -0.73949312 
_Cs_X2O5 ; Cs2O5 ; Cs ; 5 ; 4 ; 10 ; 1.20908544 ; 1.20908538 ; 1.20908537 ; 1.20908538 ; -0.42283919 ; -0.42283921 ; -0.42283913 ; -0.42283879 ; -0.52494749 ; -0.52494748 ; -0.52494753 ; -0.52494734 ; -0.52494729 ; -0.52494725 
_Cs_XO ; CsO ; Cs ; 2 ; 1 ; 1 ; 1.05126267 ; -1.05184041 
_Cs_XO2 ; CsO2 ; Cs ; 4 ; 1 ; 2 ; 1.31445585 ; -0.65732341 ; -0.65732343 
_Cs_XO3 ; CsO3 ; Cs ; 6 ; 1 ; 3 ; 2.44177998 ; -0.81517367 ; -0.81517392 ; -0.81517386 
_Cu_X2O ; Cu2O ; Cu ; 1 ; 2 ; 1 ; 0.58764149 ; 0.58763314 ; -1.18024116 
_Cu_X2O3 ; Cu2O3 ; Cu ; 3 ; 4 ; 6 ; 1.65007740 ; 1.65007680 ; 1.65007673 ; 1.65007672 ; -1.10185982 ; -1.10182806 ; -1.10185950 ; -1.10184430 ; -1.10185933 ; -1.10185842 
_Cu_X2O5 ; Cu2O5 ; Cu ; 5 ; 4 ; 10 ; 1.51455858 ; 1.51455813 ; 1.51455815 ; 1.51455819 ; -0.35281633 ; -0.35281628 ; -0.35281636 ; -0.35281618 ; -0.77946855 ; -0.77946195 ; -0.77946653 ; -0.77946915 ; -0.77946862 ; -0.77946937 
_Cu_XO ; CuO ; Cu ; 2 ; 1 ; 1 ; 1.41601519 ; -1.41676511 
_Cu_XO2 ; CuO2 ; Cu ; 4 ; 1 ; 2 ; 1.82803738 ; -0.91376470 ; -0.91376485 
_Cu_XO3 ; CuO3 ; Cu ; 6 ; 1 ; 3 ; 1.98541847 ; -0.66233622 ; -0.66234826 ; -0.66234559 
_C_X2O ; C2O ; C ; 1 ; 2 ; 1 ; 0.17867707 ; 0.17860671 ; -0.35685590 
_C_X2O3 ; C2O3 ; C ; 3 ; 4 ; 6 ; 0.56982071 ; 0.56978770 ; 0.56978770 ; 0.56978766 ; -0.38158987 ; -0.38158284 ; -0.38159129 ; -0.38159127 ; -0.38159139 ; -0.38159304 
_C_X2O5 ; C2O5 ; C ; 5 ; 4 ; 10 ; 0.49347811 ; 0.49345641 ; 0.49345672 ; 0.49345641 ; -0.11909303 ; -0.11908956 ; -0.11909307 ; -0.11909116 ; -0.24724356 ; -0.24724310 ; -0.24724355 ; -0.24724270 ; -0.24724347 ; -0.24724362 
_C_XO ; CO ; C ; 2 ; 1 ; 1 ; 0.55020633 ; -0.54705167 
_C_XO2 ; CO2 ; C ; 4 ; 1 ; 2 ; 0.76779815 ; -0.38439108 ; -0.38439156 
_C_XO3 ; CO3 ; C ; 6 ; 1 ; 3 ; 1.15260598 ; -0.38426986 ; -0.38460393 ; -0.38460438 
_Dy_X2O ; Dy2O ; Dy ; 1 ; 2 ; 1 ; 0.45593938 ; 0.45593402 ; -0.91393963 
_Dy_X2O3 ; Dy2O3 ; Dy ; 3 ; 4 ; 6 ; 2.29198641 ; 2.29198641 ; 2.29198642 ; 2.29198648 ; -1.52926411 ; -1.52926410 ; -1.52926410 ; -1.52926408 ; -1.52926405 ; -1.52926424 
_Dy_X2O5 ; Dy2O5 ; Dy ; 5 ; 4 ; 10 ; 2.54525332 ; 2.54525334 ; 2.54525334 ; 2.54525338 ; -0.85166418 ; -0.85166417 ; -0.85166413 ; -0.85166440 ; -1.13049700 ; -1.13049698 ; -1.13049704 ; -1.13049694 ; -1.13049694 ; -1.13049704 
_Dy_XO ; DyO ; Dy ; 2 ; 1 ; 1 ; 1.37492988 ; -1.37653244 
_Dy_XO2 ; DyO2 ; Dy ; 4 ; 1 ; 2 ; 2.60465704 ; -1.30191946 ; -1.30191917 
_Dy_XO3 ; DyO3 ; Dy ; 6 ; 1 ; 3 ; 2.60685572 ; -0.87044179 ; -0.87044180 ; -0.87044224 
_Er_X2O ; Er2O ; Er ; 1 ; 2 ; 1 ; 0.45610229 ; 0.45610083 ; -0.91440133 
_Er_X2O3 ; Er2O3 ; Er ; 3 ; 4 ; 6 ; 2.30216643 ; 2.30216640 ; 2.30216640 ; 2.30216645 ; -1.53585611 ; -1.53585613 ; -1.53585614 ; -1.53585602 ; -1.53585597 ; -1.53585611 
_Er_X2O5 ; Er2O5 ; Er ; 5 ; 4 ; 10 ; 2.52735343 ; 2.52735346 ; 2.52735346 ; 2.52735349 ; -0.83420582 ; -0.83420579 ; -0.83420575 ; -0.83420604 ; -1.13024314 ; -1.13024313 ; -1.13024321 ; -1.13024310 ; -1.13024310 ; -1.13024321 
_Er_XO ; ErO ; Er ; 2 ; 1 ; 1 ; 1.36914521 ; -1.37077241 
_Er_XO2 ; ErO2 ; Er ; 4 ; 1 ; 2 ; 2.60406576 ; -1.30178777 ; -1.30178749 
_Er_XO3 ; ErO3 ; Er ; 6 ; 1 ; 3 ; 2.60423897 ; -0.86982208 ; -0.86982210 ; -0.86982255 
_Eu_X2O ; Eu2O ; Eu ; 1 ; 2 ; 1 ; 0.50727116 ; 0.50727751 ; -1.01608753 
_Eu_X2O3 ; Eu2O3 ; Eu ; 3 ; 4 ; 6 ; 2.27829378 ; 2.27829367 ; 2.27829367 ; 2.27829372 ; -1.52028947 ; -1.52028938 ; -1.52028945 ; -1.52028946 ; -1.52028947 ; -1.52028940 
_Eu_X2O5 ; Eu2O5 ; Eu ; 5 ; 4 ; 10 ; 2.56619138 ; 2.56619138 ; 2.56619138 ; 2.56619138 ; -0.88203000 ; -0.88203005 ; -0.88202996 ; -0.88203012 ; -1.12458243 ; -1.12458244 ; -1.12458240 ; -1.12458245 ; -1.12458251 ; -1.12458280 
_Eu_XO ; EuO ; Eu ; 2 ; 1 ; 1 ; 1.48734810 ; -1.48803767 
_Eu_XO2 ; EuO2 ; Eu ; 4 ; 1 ; 2 ; 2.60501707 ; -1.30255569 ; -1.30255578 
_Eu_XO3 ; EuO3 ; Eu ; 6 ; 1 ; 3 ; 2.64013628 ; -0.88052020 ; -0.88051912 ; -0.88051175 
_Fe_X2O ; Fe2O ; Fe ; 1 ; 2 ; 1 ; 0.27369545 ; 0.27369455 ; -0.54867874 
_Fe_X2O3 ; Fe2O3 ; Fe ; 3 ; 4 ; 6 ; 1.87093478 ; 1.87093398 ; 1.87093399 ; 1.87093386 ; -1.24829255 ; -1.24829259 ; -1.24829264 ; -1.24829260 ; -1.24829259 ; -1.24829189 
_Fe_X2O5 ; Fe2O5 ; Fe ; 5 ; 4 ; 10 ; 1.73251276 ; 1.73251206 ; 1.73251207 ; 1.73251209 ; -0.39755292 ; -0.39755318 ; -0.39755327 ; -0.39755319 ; -0.89195145 ; -0.89195546 ; -0.89195307 ; -0.89195207 ; -0.89195234 ; -0.89191035 
_Fe_XO ; FeO ; Fe ; 2 ; 1 ; 1 ; 1.06859647 ; -1.06991346 
_Fe_XO2 ; FeO2 ; Fe ; 4 ; 1 ; 2 ; 2.19973306 ; -1.10065090 ; -1.10065083 
_Fe_XO3 ; FeO3 ; Fe ; 6 ; 1 ; 3 ; 2.44632705 ; -0.81784093 ; -0.81784093 ; -0.81784112 
_Fr_X2O ; Fr2O ; Fr ; 1 ; 2 ; 1 ; 0.64584754 ; 0.64584628 ; -1.29251709 
_Fr_X2O3 ; Fr2O3 ; Fr ; 3 ; 4 ; 6 ; 1.30760021 ; 1.30760020 ; 1.30760020 ; 1.30760019 ; -0.87222667 ; -0.87222668 ; -0.87222665 ; -0.87222671 ; -0.87222637 ; -0.87222681 
_Fr_X2O5 ; Fr2O5 ; Fr ; 5 ; 4 ; 10 ; 1.54981354 ; 1.54981353 ; 1.54981352 ; 1.54981353 ; -0.57247168 ; -0.57247170 ; -0.57247166 ; -0.57247149 ; -0.65277961 ; -0.65277961 ; -0.65277958 ; -0.65277956 ; -0.65277955 ; -0.65277958 
_Fr_XO ; FrO ; Fr ; 2 ; 1 ; 1 ; 1.06878131 ; -1.06957874 
_Fr_XO2 ; FrO2 ; Fr ; 4 ; 1 ; 2 ; 1.69314760 ; -0.84635837 ; -0.84635852 
_Fr_XO3 ; FrO3 ; Fr ; 6 ; 1 ; 3 ; 2.90584002 ; -0.96961545 ; -0.96961719 ; -0.96959358 
_F_X2O ; F2O ; F ; 1 ; 2 ; 1 ; -0.13508538 ; -0.13508620 ; 0.27328784 
_F_X2O3 ; F2O3 ; F ; 3 ; 4 ; 6 ; -0.07763796 ; -0.07765955 ; -0.07765955 ; -0.07765957 ; 0.05026005 ; 0.05026002 ; 0.05026020 ; 0.05025998 ; 0.05026018 ; 0.05025963 
_F_X2O5 ; F2O5 ; F ; 5 ; 4 ; 10 ; -0.23388496 ; -0.23389272 ; -0.23389272 ; -0.23389272 ; 0.05151319 ; 0.05151319 ; 0.05151318 ; 0.05151364 ; 0.11892331 ; 0.11892328 ; 0.11892326 ; 0.11892323 ; 0.11892330 ; 0.11892255 
_F_XO ; FO ; F ; 2 ; 1 ; 1 ; -0.06681929 ; 0.07080112 
_F_XO2 ; FO2 ; F ; 4 ; 1 ; 2 ; -0.09502490 ; 0.04739851 ; 0.04739853 
_F_XO3 ; FO3 ; F ; 6 ; 1 ; 3 ; 0.16478825 ; -0.05657334 ; -0.05657383 ; -0.05657279 
_Ga_X2O ; Ga2O ; Ga ; 1 ; 2 ; 1 ; 0.47925600 ; 0.47923121 ; -0.96103388 
_Ga_X2O3 ; Ga2O3 ; Ga ; 3 ; 4 ; 6 ; 1.88869775 ; 1.88875792 ; 1.88869382 ; 1.88869390 ; -1.26017904 ; -1.26017972 ; -1.26017801 ; -1.26010181 ; -1.26017721 ; -1.26017804 
_Ga_X2O5 ; Ga2O5 ; Ga ; 5 ; 4 ; 10 ; 1.89674840 ; 1.89673834 ; 1.89673836 ; 1.89673837 ; -0.49467314 ; -0.49467358 ; -0.49467381 ; -0.49467333 ; -0.93511591 ; -0.93511083 ; -0.93494945 ; -0.93511441 ; -0.93512825 ; -0.93512392 
_Ga_XO ; GaO ; Ga ; 2 ; 1 ; 1 ; 1.23821432 ; -1.23911568 
_Ga_XO2 ; GaO2 ; Ga ; 4 ; 1 ; 2 ; 2.15612669 ; -1.07875272 ; -1.07874226 
_Ga_XO3 ; GaO3 ; Ga ; 6 ; 1 ; 3 ; 1.99657349 ; -0.66779720 ; -0.66784712 ; -0.66784511 
_Gd_X2O ; Gd2O ; Gd ; 1 ; 2 ; 1 ; 0.37270418 ; 0.37270793 ; -0.74614256 
_Gd_X2O3 ; Gd2O3 ; Gd ; 3 ; 4 ; 6 ; 2.07144780 ; 2.07144782 ; 2.07144815 ; 2.07144782 ; -1.38156779 ; -1.38156781 ; -1.38156776 ; -1.38156777 ; -1.38156775 ; -1.38156785 
_Gd_X2O5 ; Gd2O5 ; Gd ; 5 ; 4 ; 10 ; 2.45378881 ; 2.45378871 ; 2.45378871 ; 2.45378863 ; -0.81876210 ; -0.81876209 ; -0.81876206 ; -0.81876227 ; -1.09082701 ; -1.09082700 ; -1.09082698 ; -1.09082701 ; -1.09082701 ; -1.09082733 
_Gd_XO ; GdO ; Gd ; 2 ; 1 ; 1 ; 1.16819851 ; -1.16853292 
_Gd_XO2 ; GdO2 ; Gd ; 4 ; 1 ; 2 ; 2.50872883 ; -1.25405015 ; -1.25405022 
_Gd_XO3 ; GdO3 ; Gd ; 6 ; 1 ; 3 ; 2.51060258 ; -0.83739479 ; -0.83739464 ; -0.83738703 
_Ge_X2O ; Ge2O ; Ge ; 1 ; 2 ; 1 ; 0.43727401 ; 0.43720811 ; -0.87621317 
_Ge_X2O3 ; Ge2O3 ; Ge ; 3 ; 4 ; 6 ; 1.70994481 ; 1.70992216 ; 1.70992008 ; 1.70992041 ; -1.14322521 ; -1.14316701 ; -1.14322427 ; -1.14316689 ; -1.14322413 ; -1.14321824 
_Ge_X2O5 ; Ge2O5 ; Ge ; 5 ; 4 ; 10 ; 1.92253610 ; 1.92252652 ; 1.92252634 ; 1.92252646 ; -0.60152172 ; -0.60152211 ; -0.60152096 ; -0.60152096 ; -0.88126224 ; -0.88130348 ; -0.88130145 ; -0.88130700 ; -0.88126263 ; -0.88130388 
_Ge_XO ; GeO ; Ge ; 2 ; 1 ; 1 ; 1.13211213 ; -1.13260420 
_Ge_XO2 ; GeO2 ; Ge ; 4 ; 1 ; 2 ; 2.43520464 ; -1.21806642 ; -1.21806650 
_Ge_XO3 ; GeO3 ; Ge ; 6 ; 1 ; 3 ; 2.56091690 ; -0.85578503 ; -0.85523002 ; -0.85578609 
_He_X2O ; He2O ; He ; 1 ; 2 ; 1 ; -0.00396634 ; -0.00396392 ; 0.00318397 
_He_X2O3 ; He2O3 ; He ; 3 ; 4 ; 6 ; 0.04799766 ; 0.04799683 ; 0.04799683 ; 0.04799682 ; -0.03301215 ; -0.03301215 ; -0.03301215 ; -0.03301214 ; -0.03301214 ; -0.03301216 
_He_X2O5 ; He2O5 ; He ; 5 ; 4 ; 10 ; 0.02273040 ; 0.02273038 ; 0.02273037 ; 0.02273050 ; 0.03890183 ; 0.03890183 ; 0.03890184 ; 0.03890181 ; -0.04586126 ; -0.04586118 ; -0.04586119 ; -0.04586132 ; -0.04586131 ; -0.04586202 
_He_XO ; HeO ; He ; 2 ; 1 ; 1 ; -0.03301393 ; 0.03112959 
_He_XO2 ; HeO2 ; He ; 4 ; 1 ; 2 ; -0.04991900 ; 0.02356946 ; 0.02356935 
_He_XO3 ; HeO3 ; He ; 6 ; 1 ; 3 ; 0.14737668 ; -0.04995272 ; -0.04995274 ; -0.04995282 
_Hf_X2O ; Hf2O ; Hf ; 1 ; 2 ; 1 ; 0.34384046 ; 0.34384767 ; -0.68947393 
_Hf_X2O3 ; Hf2O3 ; Hf ; 3 ; 4 ; 6 ; 2.18882673 ; 2.18882714 ; 2.18882674 ; 2.18882684 ; -1.45942781 ; -1.45942780 ; -1.45942782 ; -1.45942781 ; -1.45942791 ; -1.45942826 
_Hf_X2O5 ; Hf2O5 ; Hf ; 5 ; 4 ; 10 ; 3.04695104 ; 3.04695105 ; 3.04695104 ; 3.04695105 ; -1.05667688 ; -1.05667688 ; -1.05667685 ; -1.05667680 ; -1.32800635 ; -1.32800633 ; -1.32800638 ; -1.32800638 ; -1.32800640 ; -1.32800675 
_Hf_XO ; HfO ; Hf ; 2 ; 1 ; 1 ; 1.28398300 ; -1.28395125 
_Hf_XO2 ; HfO2 ; Hf ; 4 ; 1 ; 2 ; 3.12268353 ; -1.56129786 ; -1.56129803 
_Hf_XO3 ; HfO3 ; Hf ; 6 ; 1 ; 3 ; 3.03071261 ; -1.01130987 ; -1.01130988 ; -1.01131038 
_Hg_X2O ; Hg2O ; Hg ; 1 ; 2 ; 1 ; 0.48277082 ; 0.48277006 ; -0.96613370 
_Hg_X2O3 ; Hg2O3 ; Hg ; 3 ; 4 ; 6 ; 1.52331320 ; 1.52331313 ; 1.52331314 ; 1.52331312 ; -1.01631237 ; -1.01631180 ; -1.01631274 ; -1.01631253 ; -1.01631280 ; -1.01631280 
_Hg_X2O5 ; Hg2O5 ; Hg ; 5 ; 4 ; 10 ; 1.56185897 ; 1.56185903 ; 1.56185902 ; 1.56185874 ; -0.46572722 ; -0.46572718 ; -0.46572701 ; -0.46572742 ; -0.73160987 ; -0.73160997 ; -0.73160994 ; -0.73160989 ; -0.73161015 ; -0.73161083 
_Hg_XO ; HgO ; Hg ; 2 ; 1 ; 1 ; 1.15047489 ; -1.15128106 
_Hg_XO2 ; HgO2 ; Hg ; 4 ; 1 ; 2 ; 1.96380462 ; -0.98229544 ; -0.98229543 
_Hg_XO3 ; HgO3 ; Hg ; 6 ; 1 ; 3 ; 2.23582440 ; -0.74581654 ; -0.74581664 ; -0.74581722 
_Ho_X2O ; Ho2O ; Ho ; 1 ; 2 ; 1 ; 0.45718823 ; 0.45718830 ; -0.91680741 
_Ho_X2O3 ; Ho2O3 ; Ho ; 3 ; 4 ; 6 ; 2.28858833 ; 2.28858833 ; 2.28858834 ; 2.28858838 ; -1.52694375 ; -1.52694375 ; -1.52694381 ; -1.52694373 ; -1.52694368 ; -1.52694387 
_Ho_X2O5 ; Ho2O5 ; Ho ; 5 ; 4 ; 10 ; 2.53022853 ; 2.53022855 ; 2.53022854 ; 2.53022858 ; -0.84273537 ; -0.84273537 ; -0.84273532 ; -0.84273561 ; -1.12654319 ; -1.12654317 ; -1.12654324 ; -1.12654313 ; -1.12654313 ; -1.12654326 
_Ho_XO ; HoO ; Ho ; 2 ; 1 ; 1 ; 1.37582885 ; -1.37751117 
_Ho_XO2 ; HoO2 ; Ho ; 4 ; 1 ; 2 ; 2.59510619 ; -1.29719341 ; -1.29719315 
_Ho_XO3 ; HoO3 ; Ho ; 6 ; 1 ; 3 ; 2.58499748 ; -0.86333643 ; -0.86333645 ; -0.86333674 
_H_X2O ; H2O ; H ; 1 ; 2 ; 1 ; 0.47129792 ; 0.47127837 ; -0.93952973 
_H_X2O3 ; H2O3 ; H ; 3 ; 4 ; 6 ; 0.39357619 ; 0.39355897 ; 0.39355897 ; 0.39355897 ; -0.26331238 ; -0.26331135 ; -0.26330483 ; -0.26331253 ; -0.26331361 ; -0.26331233 
_H_X2O5 ; H2O5 ; H ; 5 ; 4 ; 10 ; 0.30790852 ; 0.30790535 ; 0.30790535 ; 0.30790535 ; 0.00670820 ; 0.00670832 ; 0.00670820 ; 0.00670842 ; -0.21392991 ; -0.21392937 ; -0.21392979 ; -0.21392947 ; -0.21392986 ; -0.21393081 
_H_XO ; HO ; H ; 2 ; 1 ; 1 ; 0.40330590 ; -0.40130110 
_H_XO2 ; HO2 ; H ; 4 ; 1 ; 2 ; 0.38656241 ; -0.19365885 ; -0.19366029 
_H_XO3 ; HO3 ; H ; 6 ; 1 ; 3 ; 0.28913966 ; -0.09615410 ; -0.09614806 ; -0.09610615 
_In_X2O ; In2O ; In ; 1 ; 2 ; 1 ; 0.49791729 ; 0.49770458 ; -0.99503549 
_In_X2O3 ; In2O3 ; In ; 3 ; 4 ; 6 ; 1.94434999 ; 1.94434999 ; 1.94435001 ; 1.94435009 ; -1.29732236 ; -1.29732236 ; -1.29732237 ; -1.29732230 ; -1.29732223 ; -1.29732238 
_In_X2O5 ; In2O5 ; In ; 5 ; 4 ; 10 ; 2.15449254 ; 2.15449253 ; 2.15449253 ; 2.15449261 ; -0.61937174 ; -0.61937173 ; -0.61937175 ; -0.61937170 ; -1.02563290 ; -1.02563212 ; -1.02563289 ; -1.02563295 ; -1.02563296 ; -1.02563325 
_In_XO ; InO ; In ; 2 ; 1 ; 1 ; 1.26355567 ; -1.26362703 
_In_XO2 ; InO2 ; In ; 4 ; 1 ; 2 ; 2.26887929 ; -1.13428101 ; -1.13427638 
_In_XO3 ; InO3 ; In ; 6 ; 1 ; 3 ; 2.18851687 ; -0.73074149 ; -0.73074150 ; -0.73074160 
_Ir_X2O ; Ir2O ; Ir ; 1 ; 2 ; 1 ; 0.19373939 ; 0.19373820 ; -0.38824395 
_Ir_X2O3 ; Ir2O3 ; Ir ; 3 ; 4 ; 6 ; 1.60057390 ; 1.60057378 ; 1.60057382 ; 1.60057373 ; -1.06751073 ; -1.06751072 ; -1.06751077 ; -1.06751074 ; -1.06751075 ; -1.06751084 
_Ir_X2O5 ; Ir2O5 ; Ir ; 5 ; 4 ; 10 ; 2.13698565 ; 2.13698555 ; 2.13698555 ; 2.13698549 ; -0.66569007 ; -0.66569004 ; -0.66569007 ; -0.66569011 ; -0.98154573 ; -0.98154776 ; -0.98154776 ; -0.98154791 ; -0.98154786 ; -0.98154814 
_Ir_XO ; IrO ; Ir ; 2 ; 1 ; 1 ; 0.81966886 ; -0.82030592 
_Ir_XO2 ; IrO2 ; Ir ; 4 ; 1 ; 2 ; 2.23868217 ; -1.11949090 ; -1.11949104 
_Ir_XO3 ; IrO3 ; Ir ; 6 ; 1 ; 3 ; 3.07057323 ; -1.02412075 ; -1.02412068 ; -1.02412096 
_I_X2O ; I2O ; I ; 1 ; 2 ; 1 ; 0.37449006 ; 0.37448192 ; -0.74796680 
_I_X2O3 ; I2O3 ; I ; 3 ; 4 ; 6 ; 1.37255169 ; 1.37265316 ; 1.37254878 ; 1.37254871 ; -0.91477801 ; -0.91477830 ; -0.91477508 ; -0.91472778 ; -0.91477539 ; -0.91477586 
_I_X2O5 ; I2O5 ; I ; 5 ; 4 ; 10 ; 2.03999168 ; 2.03999116 ; 2.03999112 ; 2.03999113 ; -0.75588046 ; -0.75588047 ; -0.75588006 ; -0.75588046 ; -0.85876993 ; -0.85878187 ; -0.85878227 ; -0.85878278 ; -0.85877010 ; -0.85878248 
_I_XO ; IO ; I ; 2 ; 1 ; 1 ; 0.71902787 ; -0.71920127 
_I_XO2 ; IO2 ; I ; 4 ; 1 ; 2 ; 2.07611449 ; -1.03772674 ; -1.03769566 
_I_XO3 ; IO3 ; I ; 6 ; 1 ; 3 ; 3.25573588 ; -1.08725402 ; -1.08725423 ; -1.08725372 
_Kr_X2O ; Kr2O ; Kr ; 1 ; 2 ; 1 ; 0.09293780 ; 0.09293415 ; -0.18610928 
_Kr_X2O3 ; Kr2O3 ; Kr ; 3 ; 4 ; 6 ; 0.72504999 ; 0.72503762 ; 0.72503762 ; 0.72503762 ; -0.48394167 ; -0.48394198 ; -0.48393860 ; -0.48394198 ; -0.48393860 ; -0.48394216 
_Kr_X2O5 ; Kr2O5 ; Kr ; 5 ; 4 ; 10 ; 0.70321858 ; 0.70314826 ; 0.70314827 ; 0.70314823 ; -0.27849491 ; -0.27849447 ; -0.27849476 ; -0.27849074 ; -0.28514647 ; -0.28513054 ; -0.28514800 ; -0.28513071 ; -0.28514804 ; -0.28514898 
_Kr_XO ; KrO ; Kr ; 2 ; 1 ; 1 ; 0.46823028 ; -0.46850530 
_Kr_XO2 ; KrO2 ; Kr ; 4 ; 1 ; 2 ; 0.96502229 ; -0.48264691 ; -0.48264838 
_Kr_XO3 ; KrO3 ; Kr ; 6 ; 1 ; 3 ; 1.69109019 ; -0.56433775 ; -0.56433704 ; -0.56433793 
_K_X2O ; K2O ; K ; 1 ; 2 ; 1 ; 0.70992006 ; 0.70989659 ; -1.42014596 
_K_X2O3 ; K2O3 ; K ; 3 ; 4 ; 6 ; 1.01316767 ; 1.01316754 ; 1.01317482 ; 1.01316755 ; -0.67601533 ; -0.67600620 ; -0.67601532 ; -0.67600774 ; -0.67586580 ; -0.67600770 
_K_X2O5 ; K2O5 ; K ; 5 ; 4 ; 10 ; 1.03320610 ; 1.03321574 ; 1.03320610 ; 1.03320612 ; -0.29905523 ; -0.29905522 ; -0.29905905 ; -0.29905842 ; -0.49191135 ; -0.49191168 ; -0.49191170 ; -0.49191121 ; -0.49191120 ; -0.49190469 
_K_XO ; KO ; K ; 2 ; 1 ; 1 ; 1.02022581 ; -1.01975986 
_K_XO2 ; KO2 ; K ; 4 ; 1 ; 2 ; 1.01196989 ; -0.50625769 ; -0.50605517 
_K_XO3 ; KO3 ; K ; 6 ; 1 ; 3 ; 0.84983262 ; -0.28370587 ; -0.28370233 ; -0.28370461 
_La_X2O ; La2O ; La ; 1 ; 2 ; 1 ; 0.42380438 ; 0.42371655 ; -0.84730159 
_La_X2O3 ; La2O3 ; La ; 3 ; 4 ; 6 ; 2.25005194 ; 2.25005196 ; 2.25005196 ; 2.25005197 ; -1.50030500 ; -1.50030495 ; -1.50030503 ; -1.50030503 ; -1.50030505 ; -1.50030504 
_La_X2O5 ; La2O5 ; La ; 5 ; 4 ; 10 ; 2.55144738 ; 2.55144742 ; 2.55144741 ; 2.55144738 ; -0.85172018 ; -0.85172015 ; -0.85172013 ; -0.85172019 ; -1.13371217 ; -1.13371218 ; -1.13371219 ; -1.13371225 ; -1.13371223 ; -1.13371240 
_La_XO ; LaO ; La ; 2 ; 1 ; 1 ; 1.37068520 ; -1.37059303 
_La_XO2 ; LaO2 ; La ; 4 ; 1 ; 2 ; 2.50457200 ; -1.25205130 ; -1.25205073 
_La_XO3 ; LaO3 ; La ; 6 ; 1 ; 3 ; 2.60283141 ; -0.86848774 ; -0.86848779 ; -0.86848808 
_Li_X2O ; Li2O ; Li ; 1 ; 2 ; 1 ; 0.75925840 ; 0.75883686 ; -1.52025413 
_Li_X2O3 ; Li2O3 ; Li ; 3 ; 4 ; 6 ; 1.00748352 ; 1.00748351 ; 1.00748351 ; 1.00748352 ; -0.67319368 ; -0.67319368 ; -0.67318135 ; -0.67319385 ; -0.67318160 ; -0.67319543 
_Li_X2O5 ; Li2O5 ; Li ; 5 ; 4 ; 10 ; 1.00559088 ; 1.00559086 ; 1.00559086 ; 1.00559087 ; -0.16226452 ; -0.16226450 ; -0.16226450 ; -0.16226314 ; -0.57177444 ; -0.57177734 ; -0.57177716 ; -0.57177807 ; -0.57177476 ; -0.57177823 
_Li_XO ; LiO ; Li ; 2 ; 1 ; 1 ; 1.01495528 ; -1.02268847 
_Li_XO2 ; LiO2 ; Li ; 4 ; 1 ; 2 ; 1.00330215 ; -0.50165334 ; -0.50160695 
_Li_XO3 ; LiO3 ; Li ; 6 ; 1 ; 3 ; 0.62622343 ; -0.21296660 ; -0.21296066 ; -0.20963205 
_Lu_X2O ; Lu2O ; Lu ; 1 ; 2 ; 1 ; 0.34042596 ; 0.34042588 ; -0.68074026 
_Lu_X2O3 ; Lu2O3 ; Lu ; 3 ; 4 ; 6 ; 1.82691607 ; 1.82691604 ; 1.82691608 ; 1.82691592 ; -1.21854299 ; -1.21854299 ; -1.21854300 ; -1.21854297 ; -1.21854296 ; -1.21854299 
_Lu_X2O5 ; Lu2O5 ; Lu ; 5 ; 4 ; 10 ; 2.14975669 ; 2.14975669 ; 2.14975667 ; 2.14975677 ; -0.59622467 ; -0.59622461 ; -0.59622465 ; -0.59622484 ; -1.03693763 ; -1.03693762 ; -1.03693765 ; -1.03693755 ; -1.03693756 ; -1.03693765 
_Lu_XO ; LuO ; Lu ; 2 ; 1 ; 1 ; 1.01099637 ; -1.01020038 
_Lu_XO2 ; LuO2 ; Lu ; 4 ; 1 ; 2 ; 2.28511600 ; -1.14170134 ; -1.14170100 
_Lu_XO3 ; LuO3 ; Lu ; 6 ; 1 ; 3 ; 2.00904507 ; -0.67066915 ; -0.67066913 ; -0.67066931 
_Mg_X2O ; Mg2O ; Mg ; 1 ; 2 ; 1 ; 0.54559353 ; 0.54513530 ; -1.09144848 
_Mg_X2O3 ; Mg2O3 ; Mg ; 3 ; 4 ; 6 ; 1.85056509 ; 1.85055136 ; 1.85055142 ; 1.85055128 ; -1.23230578 ; -1.23231009 ; -1.23227228 ; -1.23231026 ; -1.23227257 ; -1.23231118 
_Mg_X2O5 ; Mg2O5 ; Mg ; 5 ; 4 ; 10 ; 1.91717006 ; 1.91715207 ; 1.91715243 ; 1.91715556 ; -0.38364051 ; -0.38367306 ; -0.38367205 ; -0.38367120 ; -1.01513489 ; -1.01512615 ; -1.01504836 ; -1.01512749 ; -1.01456999 ; -1.01512830 
_Mg_XO ; MgO ; Mg ; 2 ; 1 ; 1 ; 1.63657943 ; -1.63375418 
_Mg_XO2 ; MgO2 ; Mg ; 4 ; 1 ; 2 ; 2.01182795 ; -1.00507410 ; -1.00507356 
_Mg_XO3 ; MgO3 ; Mg ; 6 ; 1 ; 3 ; 1.51419869 ; -0.50553153 ; -0.50553200 ; -0.50553116 
_Mn_X2O ; Mn2O ; Mn ; 1 ; 2 ; 1 ; 0.19504656 ; 0.19503920 ; -0.39041159 
_Mn_X2O3 ; Mn2O3 ; Mn ; 3 ; 4 ; 6 ; 2.09489745 ; 2.09489743 ; 2.09489743 ; 2.09489726 ; -1.39839366 ; -1.39839371 ; -1.39839371 ; -1.39839369 ; -1.39839371 ; -1.39839288 
_Mn_X2O5 ; Mn2O5 ; Mn ; 5 ; 4 ; 10 ; 2.14848989 ; 2.14848983 ; 2.14848984 ; 2.14848984 ; -0.55414439 ; -0.55414468 ; -0.55414479 ; -0.55414495 ; -1.06492554 ; -1.06492582 ; -1.06492446 ; -1.06492556 ; -1.06492562 ; -1.06490312 
_Mn_XO ; MnO ; Mn ; 2 ; 1 ; 1 ; 1.20865777 ; -1.20964984 
_Mn_XO2 ; MnO2 ; Mn ; 4 ; 1 ; 2 ; 2.34243010 ; -1.17254800 ; -1.17219068 
_Mn_XO3 ; MnO3 ; Mn ; 6 ; 1 ; 3 ; 2.64220017 ; -0.88307701 ; -0.88307704 ; -0.88307704 
_Mo_X2O ; Mo2O ; Mo ; 1 ; 2 ; 1 ; 0.54814070 ; 0.54820432 ; -1.09742632 
_Mo_X2O3 ; Mo2O3 ; Mo ; 3 ; 4 ; 6 ; 2.25473420 ; 2.25473417 ; 2.25473418 ; 2.25473420 ; -1.50481510 ; -1.50481480 ; -1.50481505 ; -1.50481517 ; -1.50481514 ; -1.50481277 
_Mo_X2O5 ; Mo2O5 ; Mo ; 5 ; 4 ; 10 ; 2.82517924 ; 2.82517918 ; 2.82517969 ; 2.82517917 ; -0.98897707 ; -0.98897102 ; -0.98897707 ; -0.98897642 ; -1.22552836 ; -1.22552818 ; -1.22552832 ; -1.22552837 ; -1.22552839 ; -1.22552866 
_Mo_XO ; MoO ; Mo ; 2 ; 1 ; 1 ; 1.56886365 ; -1.56845694 
_Mo_XO2 ; MoO2 ; Mo ; 4 ; 1 ; 2 ; 2.71028301 ; -1.35498684 ; -1.35495651 
_Mo_XO3 ; MoO3 ; Mo ; 6 ; 1 ; 3 ; 3.34964713 ; -1.11634464 ; -1.11633423 ; -1.11634486 
_Na_X2O ; Na2O ; Na ; 1 ; 2 ; 1 ; 0.74768778 ; 0.74763867 ; -1.49173945 
_Na_X2O3 ; Na2O3 ; Na ; 3 ; 4 ; 6 ; 1.03221816 ; 1.03221810 ; 1.03221811 ; 1.03221815 ; -0.68916185 ; -0.68880982 ; -0.68916142 ; -0.68919063 ; -0.68915303 ; -0.68918911 
_Na_X2O5 ; Na2O5 ; Na ; 5 ; 4 ; 10 ; 1.04075220 ; 1.04075687 ; 1.04075220 ; 1.04075312 ; -0.21398326 ; -0.21398017 ; -0.21375027 ; -0.21398407 ; -0.54695156 ; -0.54695302 ; -0.54694521 ; -0.54684682 ; -0.54694328 ; -0.54694600 
_Na_XO ; NaO ; Na ; 2 ; 1 ; 1 ; 1.03190989 ; -1.03562006 
_Na_XO2 ; NaO2 ; Na ; 4 ; 1 ; 2 ; 1.03219091 ; -0.51803757 ; -0.51436423 
_Na_XO3 ; NaO3 ; Na ; 6 ; 1 ; 3 ; 0.85716506 ; -0.28669027 ; -0.28678239 ; -0.28678004 
_Nb_X2O ; Nb2O ; Nb ; 1 ; 2 ; 1 ; 0.53613132 ; 0.53616224 ; -1.07351941 
_Nb_X2O3 ; Nb2O3 ; Nb ; 3 ; 4 ; 6 ; 2.38497519 ; 2.38497512 ; 2.38497525 ; 2.38498097 ; -1.58969626 ; -1.58969628 ; -1.58969612 ; -1.58969621 ; -1.58969602 ; -1.58969409 
_Nb_X2O5 ; Nb2O5 ; Nb ; 5 ; 4 ; 10 ; 3.03586637 ; 3.03586640 ; 3.03586640 ; 3.03586638 ; -1.06855366 ; -1.06855367 ; -1.06855368 ; -1.06855348 ; -1.31381955 ; -1.31381931 ; -1.31381952 ; -1.31381957 ; -1.31381953 ; -1.31381957 
_Nb_XO ; NbO ; Nb ; 2 ; 1 ; 1 ; 1.60251335 ; -1.60123585 
_Nb_XO2 ; NbO2 ; Nb ; 4 ; 1 ; 2 ; 2.90338183 ; -1.45139983 ; -1.45140000 
_Nb_XO3 ; NbO3 ; Nb ; 6 ; 1 ; 3 ; 3.25512672 ; -1.08572003 ; -1.08570555 ; -1.08571651 
_Nd_X2O ; Nd2O ; Nd ; 1 ; 2 ; 1 ; 0.50892915 ; 0.50893304 ; -1.01942187 
_Nd_X2O3 ; Nd2O3 ; Nd ; 3 ; 4 ; 6 ; 2.35643292 ; 2.35643293 ; 2.35643293 ; 2.35643295 ; -1.57183526 ; -1.57183527 ; -1.57183525 ; -1.57183524 ; -1.57183527 ; -1.57183543 
_Nd_X2O5 ; Nd2O5 ; Nd ; 5 ; 4 ; 10 ; 2.77192847 ; 2.77192846 ; 2.77192846 ; 2.77192849 ; -1.01354368 ; -1.01354368 ; -1.01354363 ; -1.01354366 ; -1.17353355 ; -1.17353353 ; -1.17353353 ; -1.17353355 ; -1.17353359 ; -1.17353385 
_Nd_XO ; NdO ; Nd ; 2 ; 1 ; 1 ; 1.52511121 ; -1.52591939 
_Nd_XO2 ; NdO2 ; Nd ; 4 ; 1 ; 2 ; 2.76312383 ; -1.38134018 ; -1.38134024 
_Nd_XO3 ; NdO3 ; Nd ; 6 ; 1 ; 3 ; 2.91298261 ; -0.97174951 ; -0.97174951 ; -0.97175004 
_Ne_X2O ; Ne2O ; Ne ; 1 ; 2 ; 1 ; -0.00550639 ; -0.00557627 ; 0.00094898 
_Ne_X2O3 ; Ne2O3 ; Ne ; 3 ; 4 ; 6 ; 0.04013693 ; 0.04011902 ; 0.04011903 ; 0.04011902 ; -0.03220781 ; -0.03220782 ; -0.03220783 ; -0.03220780 ; -0.03220779 ; -0.03220766 
_Ne_X2O5 ; Ne2O5 ; Ne ; 5 ; 4 ; 10 ; 0.07369030 ; 0.07367843 ; 0.07367846 ; 0.07367855 ; 0.00315214 ; 0.00315214 ; 0.00315214 ; 0.00315239 ; -0.04656793 ; -0.04656789 ; -0.04656774 ; -0.04656792 ; -0.04656790 ; -0.04656830 
_Ne_XO ; NeO ; Ne ; 2 ; 1 ; 1 ; 0.00525086 ; -0.00551103 
_Ne_XO2 ; NeO2 ; Ne ; 4 ; 1 ; 2 ; 0.03931374 ; -0.02131031 ; -0.02131034 
_Ne_XO3 ; NeO3 ; Ne ; 6 ; 1 ; 3 ; 0.15899609 ; -0.05167686 ; -0.05167762 ; -0.05167754 
_Ni_X2O ; Ni2O ; Ni ; 1 ; 2 ; 1 ; 0.15152674 ; 0.15152529 ; -0.30291555 
_Ni_X2O3 ; Ni2O3 ; Ni ; 3 ; 4 ; 6 ; 1.20381013 ; 1.20380559 ; 1.20380793 ; 1.20383467 ; -0.80358571 ; -0.80358817 ; -0.80358678 ; -0.80358591 ; -0.80358368 ; -0.80356347 
_Ni_X2O5 ; Ni2O5 ; Ni ; 5 ; 4 ; 10 ; 0.91933799 ; 0.91939976 ; 0.91933559 ; 0.91933559 ; -0.24223328 ; -0.24223327 ; -0.24195236 ; -0.24223272 ; -0.45598125 ; -0.45598973 ; -0.45598995 ; -0.45598965 ; -0.45598794 ; -0.45598954 
_Ni_XO ; NiO ; Ni ; 2 ; 1 ; 1 ; 0.86234755 ; -0.86407058 
_Ni_XO2 ; NiO2 ; Ni ; 4 ; 1 ; 2 ; 1.73318523 ; -0.86727576 ; -0.86727631 
_Ni_XO3 ; NiO3 ; Ni ; 6 ; 1 ; 3 ; 2.06828126 ; -0.68930794 ; -0.68929427 ; -0.68930494 
_Np_X2O ; Np2O ; Np ; 1 ; 2 ; 1 ; 0.52577393 ; 0.52580875 ; -1.05235312 
_Np_X2O3 ; Np2O3 ; Np ; 3 ; 4 ; 6 ; 2.57528920 ; 2.57528921 ; 2.57528924 ; 2.57528919 ; -1.71644563 ; -1.71644560 ; -1.71644558 ; -1.71644567 ; -1.71644567 ; -1.71644568 
_Np_X2O5 ; Np2O5 ; Np ; 5 ; 4 ; 10 ; 3.26038167 ; 3.26038170 ; 3.26038170 ; 3.26038169 ; -1.22422308 ; -1.22422311 ; -1.22422308 ; -1.22422319 ; -1.35858327 ; -1.35858326 ; -1.35858326 ; -1.35858328 ; -1.35858328 ; -1.35858352 
_Np_XO ; NpO ; Np ; 2 ; 1 ; 1 ; 1.68210443 ; -1.68287877 
_Np_XO2 ; NpO2 ; Np ; 4 ; 1 ; 2 ; 3.11262044 ; -1.55620270 ; -1.55620270 
_Np_XO3 ; NpO3 ; Np ; 6 ; 1 ; 3 ; 3.50295332 ; -1.16830590 ; -1.16830593 ; -1.16830598 
_N_X2O ; N2O ; N ; 1 ; 2 ; 1 ; 0.06298227 ; 0.06276426 ; -0.12453258 
_N_X2O3 ; N2O3 ; N ; 3 ; 4 ; 6 ; 0.33381313 ; 0.33378212 ; 0.33378212 ; 0.33378208 ; -0.22174927 ; -0.22174970 ; -0.22174548 ; -0.22174988 ; -0.22174572 ; -0.22175132 
_N_X2O5 ; N2O5 ; N ; 5 ; 4 ; 10 ; 0.26176764 ; 0.26175143 ; 0.26175143 ; 0.26175143 ; -0.10282099 ; -0.10282101 ; -0.10282096 ; -0.10281991 ; -0.10427301 ; -0.10427409 ; -0.10427389 ; -0.10427429 ; -0.10427291 ; -0.10427639 
_N_XO ; NO ; N ; 2 ; 1 ; 1 ; 0.23005222 ; -0.22908228 
_N_XO2 ; NO2 ; N ; 4 ; 1 ; 2 ; 0.43754163 ; -0.21877230 ; -0.21876582 
_N_XO3 ; NO3 ; N ; 6 ; 1 ; 3 ; 0.58615303 ; -0.19572696 ; -0.19575217 ; -0.19575044 
_Os_X2O ; Os2O ; Os ; 1 ; 2 ; 1 ; 0.18767154 ; 0.18767804 ; -0.37662693 
_Os_X2O3 ; Os2O3 ; Os ; 3 ; 4 ; 6 ; 1.55530670 ; 1.55530529 ; 1.55530529 ; 1.55530519 ; -1.03830380 ; -1.03829951 ; -1.03830500 ; -1.03830266 ; -1.03830505 ; -1.03830541 
_Os_X2O5 ; Os2O5 ; Os ; 5 ; 4 ; 10 ; 1.90093366 ; 1.90093357 ; 1.90093357 ; 1.90093368 ; -0.59534362 ; -0.59534376 ; -0.59534376 ; -0.59534379 ; -0.87042144 ; -0.87042132 ; -0.87042067 ; -0.87042137 ; -0.87042078 ; -0.87042260 
_Os_XO ; OsO ; Os ; 2 ; 1 ; 1 ; 1.04412849 ; -1.04462791 
_Os_XO2 ; OsO2 ; Os ; 4 ; 1 ; 2 ; 2.05212660 ; -1.02584073 ; -1.02584102 
_Os_XO3 ; OsO3 ; Os ; 6 ; 1 ; 3 ; 3.25893009 ; -1.08734096 ; -1.08734091 ; -1.08734099 
_O_X2O ; O2O ; O ; 1 ; 2 ; 1 ; -0.07412516 ; -0.07412562 ; 0.14676482 
_O_X2O3 ; O2O3 ; O ; 3 ; 4 ; 6 ; 0.08098356 ; 0.08095663 ; 0.08095663 ; 0.08095658 ; -0.05707064 ; -0.05707093 ; -0.05706900 ; -0.05707100 ; -0.05706904 ; -0.05707121 
_O_X2O5 ; O2O5 ; O ; 5 ; 4 ; 10 ; -0.03655037 ; -0.03656658 ; -0.03656662 ; -0.03656663 ; -0.03656817 ; -0.03656818 ; -0.03656814 ; -0.03656663 ; 0.04935962 ; 0.04935930 ; 0.04935932 ; 0.04935929 ; 0.04935968 ; 0.04935769 
_O_XO ; OO ; O ; 2 ; 1 ; 1 ; -0.00109478 ; -0.00110212 
_O_XO2 ; OO2 ; O ; 4 ; 1 ; 2 ; 0.14690983 ; -0.07415666 ; -0.07415534 
_O_XO3 ; OO3 ; O ; 6 ; 1 ; 3 ; 0.29248820 ; -0.09848123 ; -0.09848307 ; -0.09847835 
_Pa_X2O ; Pa2O ; Pa ; 1 ; 2 ; 1 ; 0.32416655 ; 0.32416680 ; -0.64888396 
_Pa_X2O3 ; Pa2O3 ; Pa ; 3 ; 4 ; 6 ; 2.53794886 ; 2.53794902 ; 2.53794905 ; 2.53794897 ; -1.69248122 ; -1.69248124 ; -1.69248126 ; -1.69248125 ; -1.69248127 ; -1.69248143 
_Pa_X2O5 ; Pa2O5 ; Pa ; 5 ; 4 ; 10 ; 3.48387665 ; 3.48387666 ; 3.48387666 ; 3.48387665 ; -1.30576816 ; -1.30576817 ; -1.30576816 ; -1.30576827 ; -1.45298277 ; -1.45298276 ; -1.45298277 ; -1.45298277 ; -1.45298279 ; -1.45298288 
_Pa_XO ; PaO ; Pa ; 2 ; 1 ; 1 ; 1.22646467 ; -1.22721545 
_Pa_XO2 ; PaO2 ; Pa ; 4 ; 1 ; 2 ; 3.28368139 ; -1.64175310 ; -1.64175324 
_Pa_XO3 ; PaO3 ; Pa ; 6 ; 1 ; 3 ; 3.60255786 ; -1.20213797 ; -1.20213872 ; -1.20213891 
_Pb_X2O ; Pb2O ; Pb ; 1 ; 2 ; 1 ; 0.47452687 ; 0.47452566 ; -0.94966702 
_Pb_X2O3 ; Pb2O3 ; Pb ; 3 ; 4 ; 6 ; 1.75201498 ; 1.75201500 ; 1.75201501 ; 1.75201515 ; -1.16948078 ; -1.16948077 ; -1.16948081 ; -1.16948074 ; -1.16948073 ; -1.16948084 
_Pb_X2O5 ; Pb2O5 ; Pb ; 5 ; 4 ; 10 ; 2.14488766 ; 2.14488760 ; 2.14488761 ; 2.14488763 ; -0.71499625 ; -0.71499623 ; -0.71499628 ; -0.71499638 ; -0.95453678 ; -0.95453677 ; -0.95453679 ; -0.95453670 ; -0.95453673 ; -0.95453678 
_Pb_XO ; PbO ; Pb ; 2 ; 1 ; 1 ; 1.20055373 ; -1.20109042 
_Pb_XO2 ; PbO2 ; Pb ; 4 ; 1 ; 2 ; 2.43268273 ; -1.21603864 ; -1.21603865 
_Pb_XO3 ; PbO3 ; Pb ; 6 ; 1 ; 3 ; 2.51802632 ; -0.84146917 ; -0.84146888 ; -0.84144853 
_Pd_X2O ; Pd2O ; Pd ; 1 ; 2 ; 1 ; 0.54392720 ; 0.54392735 ; -1.08771500 
_Pd_X2O3 ; Pd2O3 ; Pd ; 3 ; 4 ; 6 ; 1.59645221 ; 1.59645430 ; 1.59645201 ; 1.59645180 ; -1.06464223 ; -1.06464395 ; -1.06464381 ; -1.06463579 ; -1.06464269 ; -1.06464384 
_Pd_X2O5 ; Pd2O5 ; Pd ; 5 ; 4 ; 10 ; 1.59443230 ; 1.59443238 ; 1.59443238 ; 1.59443243 ; -0.49220377 ; -0.49220393 ; -0.49220393 ; -0.49220436 ; -0.73551605 ; -0.73551624 ; -0.73551279 ; -0.73551604 ; -0.73551657 ; -0.73551354 
_Pd_XO ; PdO ; Pd ; 2 ; 1 ; 1 ; 1.20438674 ; -1.20523201 
_Pd_XO2 ; PdO2 ; Pd ; 4 ; 1 ; 2 ; 1.96949948 ; -0.98468358 ; -0.98468372 
_Pd_XO3 ; PdO3 ; Pd ; 6 ; 1 ; 3 ; 2.31535617 ; -0.77360456 ; -0.77360477 ; -0.77360411 
_Pm_X2O ; Pm2O ; Pm ; 1 ; 2 ; 1 ; 0.50722079 ; 0.50723075 ; -1.01572949 
_Pm_X2O3 ; Pm2O3 ; Pm ; 3 ; 4 ; 6 ; 2.33508954 ; 2.33508953 ; 2.33508954 ; 2.33508957 ; -1.55784135 ; -1.55784135 ; -1.55784136 ; -1.55784134 ; -1.55784136 ; -1.55784155 
_Pm_X2O5 ; Pm2O5 ; Pm ; 5 ; 4 ; 10 ; 2.71407341 ; 2.71407341 ; 2.71407340 ; 2.71407345 ; -0.98004515 ; -0.98004517 ; -0.98004511 ; -0.98004522 ; -1.15753573 ; -1.15753572 ; -1.15753571 ; -1.15753574 ; -1.15753580 ; -1.15753592 
_Pm_XO ; PmO ; Pm ; 2 ; 1 ; 1 ; 1.50843408 ; -1.50925922 
_Pm_XO2 ; PmO2 ; Pm ; 4 ; 1 ; 2 ; 2.71975531 ; -1.35973731 ; -1.35973735 
_Pm_XO3 ; PmO3 ; Pm ; 6 ; 1 ; 3 ; 2.82750729 ; -0.94302135 ; -0.94302135 ; -0.94302160 
_Po_X2O ; Po2O ; Po ; 1 ; 2 ; 1 ; 0.45224577 ; 0.45224571 ; -0.90528157 
_Po_X2O3 ; Po2O3 ; Po ; 3 ; 4 ; 6 ; 1.70087066 ; 1.70087065 ; 1.70087066 ; 1.70087060 ; -1.13520911 ; -1.13520921 ; -1.13520919 ; -1.13520920 ; -1.13520920 ; -1.13520934 
_Po_X2O5 ; Po2O5 ; Po ; 5 ; 4 ; 10 ; 2.39725151 ; 2.39725155 ; 2.39725154 ; 2.39725156 ; -0.82543441 ; -0.82543443 ; -0.82543439 ; -0.82543462 ; -1.04924165 ; -1.04924166 ; -1.04924162 ; -1.04924169 ; -1.04924174 ; -1.04924184 
_Po_XO ; PoO ; Po ; 2 ; 1 ; 1 ; 1.05665797 ; -1.05679323 
_Po_XO2 ; PoO2 ; Po ; 4 ; 1 ; 2 ; 2.48891713 ; -1.24469967 ; -1.24469992 
_Po_XO3 ; PoO3 ; Po ; 6 ; 1 ; 3 ; 3.24007530 ; -1.08064796 ; -1.08065585 ; -1.08065364 
_Pr_X2O ; Pr2O ; Pr ; 1 ; 2 ; 1 ; 0.47993463 ; 0.48000751 ; -0.96136716 
_Pr_X2O3 ; Pr2O3 ; Pr ; 3 ; 4 ; 6 ; 2.38009300 ; 2.38009300 ; 2.38009301 ; 2.38009302 ; -1.58716526 ; -1.58716527 ; -1.58716527 ; -1.58716525 ; -1.58716528 ; -1.58716543 
_Pr_X2O5 ; Pr2O5 ; Pr ; 5 ; 4 ; 10 ; 2.83600142 ; 2.83600139 ; 2.83600139 ; 2.83600140 ; -1.03829134 ; -1.03829134 ; -1.03829131 ; -1.03829134 ; -1.19945200 ; -1.19945197 ; -1.19945198 ; -1.19945203 ; -1.19945204 ; -1.19945227 
_Pr_XO ; PrO ; Pr ; 2 ; 1 ; 1 ; 1.51621712 ; -1.51693748 
_Pr_XO2 ; PrO2 ; Pr ; 4 ; 1 ; 2 ; 2.81309194 ; -1.40619629 ; -1.40619641 
_Pr_XO3 ; PrO3 ; Pr ; 6 ; 1 ; 3 ; 2.93291196 ; -0.97883791 ; -0.97883795 ; -0.97883773 
_Pt_X2O ; Pt2O ; Pt ; 1 ; 2 ; 1 ; 0.37992687 ; 0.37991980 ; -0.76087156 
_Pt_X2O3 ; Pt2O3 ; Pt ; 3 ; 4 ; 6 ; 1.61315349 ; 1.61315340 ; 1.61315823 ; 1.61315798 ; -1.07621219 ; -1.07621218 ; -1.07621220 ; -1.07621206 ; -1.07621162 ; -1.07621186 
_Pt_X2O5 ; Pt2O5 ; Pt ; 5 ; 4 ; 10 ; 1.81201662 ; 1.81201662 ; 1.81201662 ; 1.81201665 ; -0.60294107 ; -0.60294109 ; -0.60294107 ; -0.60294124 ; -0.80708856 ; -0.80708572 ; -0.80708855 ; -0.80708886 ; -0.80708857 ; -0.80708876 
_Pt_XO ; PtO ; Pt ; 2 ; 1 ; 1 ; 1.14094915 ; -1.14115691 
_Pt_XO2 ; PtO2 ; Pt ; 4 ; 1 ; 2 ; 2.08272947 ; -1.04122104 ; -1.04122138 
_Pt_XO3 ; PtO3 ; Pt ; 6 ; 1 ; 3 ; 2.75935809 ; -0.92057306 ; -0.92057291 ; -0.92057275 
_Pu_X2O ; Pu2O ; Pu ; 1 ; 2 ; 1 ; 0.52920851 ; 0.52922536 ; -1.05955202 
_Pu_X2O3 ; Pu2O3 ; Pu ; 3 ; 4 ; 6 ; 2.50088498 ; 2.50088498 ; 2.50088500 ; 2.50088502 ; -1.66695050 ; -1.66695049 ; -1.66695048 ; -1.66695056 ; -1.66695054 ; -1.66695064 
_Pu_X2O5 ; Pu2O5 ; Pu ; 5 ; 4 ; 10 ; 3.13446419 ; 3.13446421 ; 3.13446421 ; 3.13446419 ; -1.16929634 ; -1.16929635 ; -1.16929631 ; -1.16929647 ; -1.31160247 ; -1.31160247 ; -1.31160245 ; -1.31160248 ; -1.31160250 ; -1.31160277 
_Pu_XO ; PuO ; Pu ; 2 ; 1 ; 1 ; 1.63711889 ; -1.63749843 
_Pu_XO2 ; PuO2 ; Pu ; 4 ; 1 ; 2 ; 3.02642104 ; -1.51311331 ; -1.51311340 
_Pu_XO3 ; PuO3 ; Pu ; 6 ; 1 ; 3 ; 3.36223822 ; -1.12126250 ; -1.12126253 ; -1.12126242 
_P_X2O ; P2O ; P ; 1 ; 2 ; 1 ; 0.34920294 ; 0.34880696 ; -0.69648353 
_P_X2O3 ; P2O3 ; P ; 3 ; 4 ; 6 ; 1.37724192 ; 1.37709922 ; 1.37709962 ; 1.37709922 ; -0.91853112 ; -0.91848850 ; -0.91843623 ; -0.91849632 ; -0.91807773 ; -0.91850501 
_P_X2O5 ; P2O5 ; P ; 5 ; 4 ; 10 ; 1.43573476 ; 1.43573385 ; 1.43573384 ; 1.43573385 ; -0.46875247 ; -0.46875243 ; -0.46875247 ; -0.46875234 ; -0.64881975 ; -0.64881968 ; -0.64881980 ; -0.64881985 ; -0.64881989 ; -0.64882070 
_P_XO ; PO ; P ; 2 ; 1 ; 1 ; 0.95468100 ; -0.95635933 
_P_XO2 ; PO2 ; P ; 4 ; 1 ; 2 ; 1.95963717 ; -0.97982640 ; -0.97981454 
_P_XO3 ; PO3 ; P ; 6 ; 1 ; 3 ; 2.87918835 ; -0.95872352 ; -0.95872447 ; -0.95872217 
_Ra_X2O ; Ra2O ; Ra ; 1 ; 2 ; 1 ; 0.49812093 ; 0.49809712 ; -0.99720578 
_Ra_X2O3 ; Ra2O3 ; Ra ; 3 ; 4 ; 6 ; 1.65370661 ; 1.65370652 ; 1.65370650 ; 1.65370651 ; -1.10254854 ; -1.10254854 ; -1.10254852 ; -1.10254853 ; -1.10254856 ; -1.10254864 
_Ra_X2O5 ; Ra2O5 ; Ra ; 5 ; 4 ; 10 ; 2.01789152 ; 2.01789147 ; 2.01789147 ; 2.01789146 ; -0.66226312 ; -0.66226310 ; -0.66226307 ; -0.66226254 ; -0.90469093 ; -0.90469090 ; -0.90469097 ; -0.90469081 ; -0.90469084 ; -0.90469117 
_Ra_XO ; RaO ; Ra ; 2 ; 1 ; 1 ; 1.32087393 ; -1.32122721 
_Ra_XO2 ; RaO2 ; Ra ; 4 ; 1 ; 2 ; 2.03767543 ; -1.01871391 ; -1.01871391 
_Ra_XO3 ; RaO3 ; Ra ; 6 ; 1 ; 3 ; 2.80705493 ; -0.93605609 ; -0.93605610 ; -0.93605611 
_Rb_X2O ; Rb2O ; Rb ; 1 ; 2 ; 1 ; 0.69464041 ; 0.69464084 ; -1.38989009 
_Rb_X2O3 ; Rb2O3 ; Rb ; 3 ; 4 ; 6 ; 1.02180517 ; 1.02180512 ; 1.02180511 ; 1.02180515 ; -0.68198294 ; -0.68197299 ; -0.68198269 ; -0.68198327 ; -0.68198277 ; -0.68198264 
_Rb_X2O5 ; Rb2O5 ; Rb ; 5 ; 4 ; 10 ; 1.05074492 ; 1.05074490 ; 1.05074493 ; 1.05074489 ; -0.33161610 ; -0.33161552 ; -0.33161613 ; -0.33161577 ; -0.48080211 ; -0.48080212 ; -0.48080213 ; -0.48080219 ; -0.48080225 ; -0.48080220 
_Rb_XO ; RbO ; Rb ; 2 ; 1 ; 1 ; 1.03090719 ; -1.03107395 
_Rb_XO2 ; RbO2 ; Rb ; 4 ; 1 ; 2 ; 1.02792461 ; -0.51425593 ; -0.51425419 
_Rb_XO3 ; RbO3 ; Rb ; 6 ; 1 ; 3 ; 1.24911139 ; -0.41701619 ; -0.41698413 ; -0.41702800 
_Re_X2O ; Re2O ; Re ; 1 ; 2 ; 1 ; 0.24947332 ; 0.24946531 ; -0.49955761 
_Re_X2O3 ; Re2O3 ; Re ; 3 ; 4 ; 6 ; 2.19167523 ; 2.19167498 ; 2.19167500 ; 2.19167497 ; -1.46136499 ; -1.46136498 ; -1.46136499 ; -1.46136499 ; -1.46136501 ; -1.46136508 
_Re_X2O5 ; Re2O5 ; Re ; 5 ; 4 ; 10 ; 2.80563857 ; 2.80563853 ; 2.80563853 ; 2.80563852 ; -1.00648641 ; -1.00648641 ; -1.00648642 ; -1.00648649 ; -1.19948685 ; -1.19948683 ; -1.19948624 ; -1.19948676 ; -1.19948678 ; -1.19948707 
_Re_XO ; ReO ; Re ; 2 ; 1 ; 1 ; 1.21003841 ; -1.21071793 
_Re_XO2 ; ReO2 ; Re ; 4 ; 1 ; 2 ; 2.67091975 ; -1.33565759 ; -1.33565760 
_Re_XO3 ; ReO3 ; Re ; 6 ; 1 ; 3 ; 3.41894618 ; -1.14027429 ; -1.14027421 ; -1.14027452 
_Rh_X2O ; Rh2O ; Rh ; 1 ; 2 ; 1 ; 0.39966538 ; 0.39955482 ; -0.79931929 
_Rh_X2O3 ; Rh2O3 ; Rh ; 3 ; 4 ; 6 ; 1.71945090 ; 1.71945081 ; 1.71945080 ; 1.71945081 ; -1.14705900 ; -1.14705667 ; -1.14705909 ; -1.14705896 ; -1.14705901 ; -1.14705667 
_Rh_X2O5 ; Rh2O5 ; Rh ; 5 ; 4 ; 10 ; 1.86766824 ; 1.86766829 ; 1.86766829 ; 1.86766828 ; -0.53431277 ; -0.53431274 ; -0.53431276 ; -0.53431343 ; -0.88885069 ; -0.88885063 ; -0.88885065 ; -0.88885067 ; -0.88885063 ; -0.88885100 
_Rh_XO ; RhO ; Rh ; 2 ; 1 ; 1 ; 1.23187801 ; -1.23354245 
_Rh_XO2 ; RhO2 ; Rh ; 4 ; 1 ; 2 ; 2.12223851 ; -1.06108875 ; -1.06108883 
_Rh_XO3 ; RhO3 ; Rh ; 6 ; 1 ; 3 ; 2.64315180 ; -0.88257488 ; -0.88242015 ; -0.88257562 
_Rn_X2O ; Rn2O ; Rn ; 1 ; 2 ; 1 ; 0.20562799 ; 0.20559580 ; -0.41230098 
_Rn_X2O3 ; Rn2O3 ; Rn ; 3 ; 4 ; 6 ; 1.37494247 ; 1.37493656 ; 1.37493657 ; 1.37493655 ; -0.91742107 ; -0.91748362 ; -0.91748212 ; -0.91748684 ; -0.91746966 ; -0.91748331 
_Rn_X2O5 ; Rn2O5 ; Rn ; 5 ; 4 ; 10 ; 2.07125807 ; 2.07125805 ; 2.07125804 ; 2.07125808 ; -0.77557394 ; -0.77557394 ; -0.77557387 ; -0.77557409 ; -0.86413175 ; -0.86413152 ; -0.86413167 ; -0.86413164 ; -0.86413169 ; -0.86413241 
_Rn_XO ; RnO ; Rn ; 2 ; 1 ; 1 ; 0.73903465 ; -0.73932932 
_Rn_XO2 ; RnO2 ; Rn ; 4 ; 1 ; 2 ; 2.01437399 ; -1.00727007 ; -1.00727008 
_Rn_XO3 ; RnO3 ; Rn ; 6 ; 1 ; 3 ; 3.24639310 ; -1.08244440 ; -1.08245971 ; -1.08245620 
_Ru_X2O ; Ru2O ; Ru ; 1 ; 2 ; 1 ; 0.46426099 ; 0.46473920 ; -0.92972169 
_Ru_X2O3 ; Ru2O3 ; Ru ; 3 ; 4 ; 6 ; 1.93759358 ; 1.93759259 ; 1.93759260 ; 1.93759266 ; -1.29251526 ; -1.29251642 ; -1.29250503 ; -1.29251644 ; -1.29250503 ; -1.29251695 
_Ru_X2O5 ; Ru2O5 ; Ru ; 5 ; 4 ; 10 ; 2.18929874 ; 2.18929874 ; 2.18929876 ; 2.18929872 ; -0.63435394 ; -0.63435369 ; -0.63435390 ; -0.63435427 ; -1.03584371 ; -1.03584373 ; -1.03584389 ; -1.03584367 ; -1.03584367 ; -1.03583000 
_Ru_XO ; RuO ; Ru ; 2 ; 1 ; 1 ; 1.33578730 ; -1.33645778 
_Ru_XO2 ; RuO2 ; Ru ; 4 ; 1 ; 2 ; 2.34577140 ; -1.17337242 ; -1.17337218 
_Ru_XO3 ; RuO3 ; Ru ; 6 ; 1 ; 3 ; 2.96795457 ; -0.99030005 ; -0.99030020 ; -0.99030076 
_Sb_X2O ; Sb2O ; Sb ; 1 ; 2 ; 1 ; 0.42966312 ; 0.42965734 ; -0.86206373 
_Sb_X2O3 ; Sb2O3 ; Sb ; 3 ; 4 ; 6 ; 1.71223680 ; 1.71223304 ; 1.71223350 ; 1.71223323 ; -1.14322862 ; -1.14322853 ; -1.14320272 ; -1.14322854 ; -1.14322148 ; -1.14322676 
_Sb_X2O5 ; Sb2O5 ; Sb ; 5 ; 4 ; 10 ; 2.30572806 ; 2.30573371 ; 2.30572801 ; 2.30572807 ; -0.79436245 ; -0.79436247 ; -0.79431124 ; -0.79436261 ; -1.00787275 ; -1.00787339 ; -1.00787342 ; -1.00787330 ; -1.00787321 ; -1.00787362 
_Sb_XO ; SbO ; Sb ; 2 ; 1 ; 1 ; 1.09368991 ; -1.09269637 
_Sb_XO2 ; SbO2 ; Sb ; 4 ; 1 ; 2 ; 2.41916302 ; -1.21042258 ; -1.21042275 
_Sb_XO3 ; SbO3 ; Sb ; 6 ; 1 ; 3 ; 3.36728100 ; -1.12322680 ; -1.12320997 ; -1.12322278 
_Sc_X2O ; Sc2O ; Sc ; 1 ; 2 ; 1 ; 0.48430666 ; 0.48434536 ; -0.96868094 
_Sc_X2O3 ; Sc2O3 ; Sc ; 3 ; 4 ; 6 ; 2.32025186 ; 2.32025408 ; 2.32025008 ; 2.32025039 ; -1.54643672 ; -1.54642842 ; -1.54643536 ; -1.54636522 ; -1.54643521 ; -1.54642698 
_Sc_X2O5 ; Sc2O5 ; Sc ; 5 ; 4 ; 10 ; 2.41243598 ; 2.41243514 ; 2.41243702 ; 2.41243513 ; -0.70147547 ; -0.70149574 ; -0.70147546 ; -0.70149324 ; -1.14061378 ; -1.14061391 ; -1.14061382 ; -1.14060835 ; -1.14060070 ; -1.14060837 
_Sc_XO ; ScO ; Sc ; 2 ; 1 ; 1 ; 1.59935023 ; -1.59817801 
_Sc_XO2 ; ScO2 ; Sc ; 4 ; 1 ; 2 ; 2.45611263 ; -1.22799889 ; -1.22799802 
_Sc_XO3 ; ScO3 ; Sc ; 6 ; 1 ; 3 ; 2.32582947 ; -0.77660922 ; -0.77660901 ; -0.77660962 
_Se_X2O ; Se2O ; Se ; 1 ; 2 ; 1 ; 0.36222833 ; 0.36212604 ; -0.72507911 
_Se_X2O3 ; Se2O3 ; Se ; 3 ; 4 ; 6 ; 1.32333410 ; 1.32332516 ; 1.32332485 ; 1.32332497 ; -0.88269991 ; -0.88270404 ; -0.88259647 ; -0.88145339 ; -0.88261880 ; -0.88261877 
_Se_X2O5 ; Se2O5 ; Se ; 5 ; 4 ; 10 ; 1.55134880 ; 1.55133706 ; 1.55133690 ; 1.55133692 ; -0.53654005 ; -0.53654010 ; -0.53653853 ; -0.53653900 ; -0.68222911 ; -0.68374641 ; -0.68374636 ; -0.68384289 ; -0.68384077 ; -0.68373160 
_Se_XO ; SeO ; Se ; 2 ; 1 ; 1 ; 0.77887860 ; -0.77979143 
_Se_XO2 ; SeO2 ; Se ; 4 ; 1 ; 2 ; 1.99115454 ; -0.99674042 ; -0.99674017 
_Se_XO3 ; SeO3 ; Se ; 6 ; 1 ; 3 ; 2.70030737 ; -0.90145612 ; -0.90145622 ; -0.90145649 
_Si_X2O ; Si2O ; Si ; 1 ; 2 ; 1 ; 0.39951238 ; 0.39885244 ; -0.80105989 
_Si_X2O3 ; Si2O3 ; Si ; 3 ; 4 ; 6 ; 1.83740284 ; 1.83739017 ; 1.83739021 ; 1.83739024 ; -1.22634919 ; -1.22635024 ; -1.22634247 ; -1.22635031 ; -1.22634250 ; -1.22635062 
_Si_X2O5 ; Si2O5 ; Si ; 5 ; 4 ; 10 ; 2.09747916 ; 2.09743385 ; 2.09743365 ; 2.09743372 ; -0.63364094 ; -0.63364186 ; -0.63363939 ; -0.63363802 ; -0.97457407 ; -0.97464591 ; -0.97464050 ; -0.97465305 ; -0.97457498 ; -0.97464813 
_Si_XO ; SiO ; Si ; 2 ; 1 ; 1 ; 1.08767776 ; -1.08653269 
_Si_XO2 ; SiO2 ; Si ; 4 ; 1 ; 2 ; 2.54713415 ; -1.27537902 ; -1.27451177 
_Si_XO3 ; SiO3 ; Si ; 6 ; 1 ; 3 ; 2.58219361 ; -0.86218929 ; -0.86218639 ; -0.86089758 
_Sm_X2O ; Sm2O ; Sm ; 1 ; 2 ; 1 ; 0.51481578 ; 0.51482950 ; -1.03091643 
_Sm_X2O3 ; Sm2O3 ; Sm ; 3 ; 4 ; 6 ; 2.32876099 ; 2.32876099 ; 2.32876099 ; 2.32876104 ; -1.55378465 ; -1.55378465 ; -1.55378464 ; -1.55378465 ; -1.55378467 ; -1.55378484 
_Sm_X2O5 ; Sm2O5 ; Sm ; 5 ; 4 ; 10 ; 2.67369625 ; 2.67369625 ; 2.67369625 ; 2.67369628 ; -0.94749961 ; -0.94749965 ; -0.94749958 ; -0.94749967 ; -1.15251732 ; -1.15251732 ; -1.15251728 ; -1.15251734 ; -1.15251738 ; -1.15251765 
_Sm_XO ; SmO ; Sm ; 2 ; 1 ; 1 ; 1.53712215 ; -1.53786540 
_Sm_XO2 ; SmO2 ; Sm ; 4 ; 1 ; 2 ; 2.69135284 ; -1.34564475 ; -1.34564480 
_Sm_XO3 ; SmO3 ; Sm ; 6 ; 1 ; 3 ; 2.78082946 ; -0.92739944 ; -0.92739831 ; -0.92739062 
_Sn_X2O ; Sn2O ; Sn ; 1 ; 2 ; 1 ; 0.45576219 ; 0.45575934 ; -0.91535754 
_Sn_X2O3 ; Sn2O3 ; Sn ; 3 ; 4 ; 6 ; 1.94358531 ; 1.94358424 ; 1.94358428 ; 1.94358422 ; -1.29811457 ; -1.29811496 ; -1.29810303 ; -1.29811493 ; -1.29811453 ; -1.29811569 
_Sn_X2O5 ; Sn2O5 ; Sn ; 5 ; 4 ; 10 ; 2.42393925 ; 2.42394297 ; 2.42393965 ; 2.42393969 ; -0.82368167 ; -0.82368167 ; -0.82364299 ; -0.82368217 ; -1.06662283 ; -1.06662330 ; -1.06662332 ; -1.06662325 ; -1.06662327 ; -1.06662378 
_Sn_XO ; SnO ; Sn ; 2 ; 1 ; 1 ; 1.16839461 ; -1.16779774 
_Sn_XO2 ; SnO2 ; Sn ; 4 ; 1 ; 2 ; 2.69887467 ; -1.34884551 ; -1.34884592 
_Sn_XO3 ; SnO3 ; Sn ; 6 ; 1 ; 3 ; 2.79582691 ; -0.93414189 ; -0.93409848 ; -0.93412961 
_Sr_X2O ; Sr2O ; Sr ; 1 ; 2 ; 1 ; 0.49674254 ; 0.49674806 ; -0.99417283 
_Sr_X2O3 ; Sr2O3 ; Sr ; 3 ; 4 ; 6 ; 1.62998442 ; 1.62998448 ; 1.62998450 ; 1.62998441 ; -1.08717044 ; -1.08717021 ; -1.08717046 ; -1.08717047 ; -1.08717052 ; -1.08717062 
_Sr_X2O5 ; Sr2O5 ; Sr ; 5 ; 4 ; 10 ; 1.82771460 ; 1.82771472 ; 1.82771471 ; 1.82771464 ; -0.51338242 ; -0.51338241 ; -0.51338241 ; -0.51338240 ; -0.87698456 ; -0.87698452 ; -0.87698458 ; -0.87698453 ; -0.87698469 ; -0.87698513 
_Sr_XO ; SrO ; Sr ; 2 ; 1 ; 1 ; 1.33902729 ; -1.33859604 
_Sr_XO2 ; SrO2 ; Sr ; 4 ; 1 ; 2 ; 1.80361040 ; -0.90132142 ; -0.90126288 
_Sr_XO3 ; SrO3 ; Sr ; 6 ; 1 ; 3 ; 1.39521668 ; -0.46635699 ; -0.46635941 ; -0.46635958 
_S_X2O ; S2O ; S ; 1 ; 2 ; 1 ; 0.29187863 ; 0.29178896 ; -0.58236920 
_S_X2O3 ; S2O3 ; S ; 3 ; 4 ; 6 ; 1.06938182 ; 1.06926397 ; 1.06926381 ; 1.06926378 ; -0.71342099 ; -0.71349697 ; -0.71346412 ; -0.71313040 ; -0.71347620 ; -0.71347067 
_S_X2O5 ; S2O5 ; S ; 5 ; 4 ; 10 ; 1.14867986 ; 1.14851440 ; 1.14851369 ; 1.14851577 ; -0.42057496 ; -0.42059735 ; -0.42060264 ; -0.42059025 ; -0.48866427 ; -0.48876386 ; -0.48875494 ; -0.48867838 ; -0.48867810 ; -0.48737201 
_S_XO ; SO ; S ; 2 ; 1 ; 1 ; 0.58247590 ; -0.58374145 
_S_XO2 ; SO2 ; S ; 4 ; 1 ; 2 ; 1.56382252 ; -0.78250188 ; -0.78249141 
_S_XO3 ; SO3 ; S ; 6 ; 1 ; 3 ; 2.44967717 ; -0.81646640 ; -0.81646764 ; -0.81646538 
_Ta_X2O ; Ta2O ; Ta ; 1 ; 2 ; 1 ; 0.32969128 ; 0.32973947 ; -0.65868736 
_Ta_X2O3 ; Ta2O3 ; Ta ; 3 ; 4 ; 6 ; 2.46767033 ; 2.46767029 ; 2.46767029 ; 2.46767033 ; -1.64458903 ; -1.64458913 ; -1.64458916 ; -1.64458915 ; -1.64458920 ; -1.64458922 
_Ta_X2O5 ; Ta2O5 ; Ta ; 5 ; 4 ; 10 ; 3.20650029 ; 3.20650029 ; 3.20650029 ; 3.20650023 ; -1.13484568 ; -1.13484567 ; -1.13484568 ; -1.13484575 ; -1.38264849 ; -1.38264849 ; -1.38264849 ; -1.38264850 ; -1.38264850 ; -1.38264881 
_Ta_XO ; TaO ; Ta ; 2 ; 1 ; 1 ; 1.39059264 ; -1.39054900 
_Ta_XO2 ; TaO2 ; Ta ; 4 ; 1 ; 2 ; 3.04330405 ; -1.52173098 ; -1.52173113 
_Ta_XO3 ; TaO3 ; Ta ; 6 ; 1 ; 3 ; 3.40365475 ; -1.13549737 ; -1.13552835 ; -1.13552484 
_Tb_X2O ; Tb2O ; Tb ; 1 ; 2 ; 1 ; 0.41562214 ; 0.41561606 ; -0.83275970 
_Tb_X2O3 ; Tb2O3 ; Tb ; 3 ; 4 ; 6 ; 2.29711525 ; 2.29711523 ; 2.29711523 ; 2.29711528 ; -1.53269815 ; -1.53269811 ; -1.53269814 ; -1.53269809 ; -1.53269806 ; -1.53269826 
_Tb_X2O5 ; Tb2O5 ; Tb ; 5 ; 4 ; 10 ; 2.56835606 ; 2.56835609 ; 2.56835608 ; 2.56835611 ; -0.86530499 ; -0.86530498 ; -0.86530493 ; -0.86530522 ; -1.13661937 ; -1.13661935 ; -1.13661944 ; -1.13661932 ; -1.13661932 ; -1.13661944 
_Tb_XO ; TbO ; Tb ; 2 ; 1 ; 1 ; 1.31988770 ; -1.32135767 
_Tb_XO2 ; TbO2 ; Tb ; 4 ; 1 ; 2 ; 2.62083559 ; -1.30995439 ; -1.30995401 
_Tb_XO3 ; TbO3 ; Tb ; 6 ; 1 ; 3 ; 2.63657963 ; -0.88008778 ; -0.88008779 ; -0.88008828 
_Tc_X2O ; Tc2O ; Tc ; 1 ; 2 ; 1 ; 0.31704531 ; 0.31704360 ; -0.63373542 
_Tc_X2O3 ; Tc2O3 ; Tc ; 3 ; 4 ; 6 ; 2.11475309 ; 2.11475302 ; 2.11475302 ; 2.11475300 ; -1.41033805 ; -1.41033536 ; -1.41033817 ; -1.41033804 ; -1.41033809 ; -1.41033535 
_Tc_X2O5 ; Tc2O5 ; Tc ; 5 ; 4 ; 10 ; 2.51311776 ; 2.51311777 ; 2.51311777 ; 2.51311995 ; -0.81512048 ; -0.81514628 ; -0.81514633 ; -0.81514667 ; -1.13121244 ; -1.13121241 ; -1.13121227 ; -1.13121242 ; -1.13121237 ; -1.13121281 
_Tc_XO ; TcO ; Tc ; 2 ; 1 ; 1 ; 1.12487699 ; -1.12544080 
_Tc_XO2 ; TcO2 ; Tc ; 4 ; 1 ; 2 ; 2.52802279 ; -1.26383729 ; -1.26383496 
_Tc_XO3 ; TcO3 ; Tc ; 6 ; 1 ; 3 ; 3.15394038 ; -1.05268779 ; -1.05259697 ; -1.05268808 
_Te_X2O ; Te2O ; Te ; 1 ; 2 ; 1 ; 0.43341373 ; 0.43338328 ; -0.86577171 
_Te_X2O3 ; Te2O3 ; Te ; 3 ; 4 ; 6 ; 1.59223110 ; 1.59232189 ; 1.59222911 ; 1.59222896 ; -1.06311814 ; -1.06311830 ; -1.06311807 ; -1.06309574 ; -1.06311793 ; -1.06311815 
_Te_X2O5 ; Te2O5 ; Te ; 5 ; 4 ; 10 ; 2.20739266 ; 2.20739223 ; 2.20739219 ; 2.20739221 ; -0.76171795 ; -0.76171803 ; -0.76171760 ; -0.76171785 ; -0.96626072 ; -0.96627099 ; -0.96627141 ; -0.96627183 ; -0.96626093 ; -0.96627188 
_Te_XO ; TeO ; Te ; 2 ; 1 ; 1 ; 0.99179656 ; -0.99134806 
_Te_XO2 ; TeO2 ; Te ; 4 ; 1 ; 2 ; 2.33468604 ; -1.16761522 ; -1.16761463 
_Te_XO3 ; TeO3 ; Te ; 6 ; 1 ; 3 ; 3.60366134 ; -1.20294923 ; -1.20294940 ; -1.20294872 
_Th_X2O ; Th2O ; Th ; 1 ; 2 ; 1 ; 0.31456197 ; 0.31455526 ; -0.62801435 
_Th_X2O3 ; Th2O3 ; Th ; 3 ; 4 ; 6 ; 2.10995432 ; 2.10995462 ; 2.10995461 ; 2.10995479 ; -1.40721383 ; -1.40721382 ; -1.40721387 ; -1.40721388 ; -1.40721396 ; -1.40721415 
_Th_X2O5 ; Th2O5 ; Th ; 5 ; 4 ; 10 ; 3.26751982 ; 3.26751986 ; 3.26751986 ; 3.26751988 ; -1.17841223 ; -1.17841222 ; -1.17841221 ; -1.17841224 ; -1.39336997 ; -1.39336997 ; -1.39336996 ; -1.39337004 ; -1.39337011 ; -1.39337029 
_Th_XO ; ThO ; Th ; 2 ; 1 ; 1 ; 1.17076026 ; -1.17103951 
_Th_XO2 ; ThO2 ; Th ; 4 ; 1 ; 2 ; 3.23033750 ; -1.61513729 ; -1.61513724 
_Th_XO3 ; ThO3 ; Th ; 6 ; 1 ; 3 ; 3.38950145 ; -1.13029331 ; -1.13029324 ; -1.13029193 
_Ti_X2O ; Ti2O ; Ti ; 1 ; 2 ; 1 ; 0.53175697 ; 0.53188988 ; -1.06329603 
_Ti_X2O3 ; Ti2O3 ; Ti ; 3 ; 4 ; 6 ; 2.39594259 ; 2.39594254 ; 2.39594254 ; 2.39594256 ; -1.59895958 ; -1.59896186 ; -1.59896150 ; -1.59894530 ; -1.59896169 ; -1.59896168 
_Ti_X2O5 ; Ti2O5 ; Ti ; 5 ; 4 ; 10 ; 2.55720955 ; 2.55720924 ; 2.55720925 ; 2.55720924 ; -0.79893564 ; -0.79893549 ; -0.79893569 ; -0.79893523 ; -1.17522416 ; -1.17520146 ; -1.17522345 ; -1.17522460 ; -1.17522429 ; -1.17522466 
_Ti_XO ; TiO ; Ti ; 2 ; 1 ; 1 ; 1.76480782 ; -1.76517084 
_Ti_XO2 ; TiO2 ; Ti ; 4 ; 1 ; 2 ; 2.75437085 ; -1.37746764 ; -1.37742627 
_Ti_XO3 ; TiO3 ; Ti ; 6 ; 1 ; 3 ; 2.69090086 ; -0.89669317 ; -0.89669324 ; -0.89669271 
_Tl_X2O ; Tl2O ; Tl ; 1 ; 2 ; 1 ; 0.51072361 ; 0.51072405 ; -1.02022003 
_Tl_X2O3 ; Tl2O3 ; Tl ; 3 ; 4 ; 6 ; 1.70893757 ; 1.70893755 ; 1.70893756 ; 1.70893763 ; -1.14051374 ; -1.14051373 ; -1.14051370 ; -1.14051375 ; -1.14051378 ; -1.14051400 
_Tl_X2O5 ; Tl2O5 ; Tl ; 5 ; 4 ; 10 ; 1.86146897 ; 1.86146899 ; 1.86146898 ; 1.86146906 ; -0.57768689 ; -0.57768690 ; -0.57768688 ; -0.57768697 ; -0.85676455 ; -0.85676454 ; -0.85676457 ; -0.85676467 ; -0.85676475 ; -0.85676479 
_Tl_XO ; TlO ; Tl ; 2 ; 1 ; 1 ; 1.17544814 ; -1.17518779 
_Tl_XO2 ; TlO2 ; Tl ; 4 ; 1 ; 2 ; 2.06676859 ; -1.03360162 ; -1.03360182 
_Tl_XO3 ; TlO3 ; Tl ; 6 ; 1 ; 3 ; 2.18080730 ; -0.72836646 ; -0.72835384 ; -0.72837322 
_Tm_X2O ; Tm2O ; Tm ; 1 ; 2 ; 1 ; 0.46270880 ; 0.46271179 ; -0.92560761 
_Tm_X2O3 ; Tm2O3 ; Tm ; 3 ; 4 ; 6 ; 2.30780884 ; 2.30780880 ; 2.30780880 ; 2.30780885 ; -1.53899406 ; -1.53899407 ; -1.53899409 ; -1.53899397 ; -1.53899391 ; -1.53899405 
_Tm_X2O5 ; Tm2O5 ; Tm ; 5 ; 4 ; 10 ; 2.52372834 ; 2.52372838 ; 2.52372838 ; 2.52372843 ; -0.82333834 ; -0.82333828 ; -0.82333829 ; -0.82333861 ; -1.13462995 ; -1.13462994 ; -1.13462992 ; -1.13462990 ; -1.13462989 ; -1.13463006 
_Tm_XO ; TmO ; Tm ; 2 ; 1 ; 1 ; 1.38267095 ; -1.38310890 
_Tm_XO2 ; TmO2 ; Tm ; 4 ; 1 ; 2 ; 2.60351584 ; -1.30085730 ; -1.30085698 
_Tm_XO3 ; TmO3 ; Tm ; 6 ; 1 ; 3 ; 2.59081359 ; -0.86502583 ; -0.86502583 ; -0.86502608 
_U_X2O ; U2O ; U ; 1 ; 2 ; 1 ; 0.49724501 ; 0.49725569 ; -0.99451187 
_U_X2O3 ; U2O3 ; U ; 3 ; 4 ; 6 ; 2.58748376 ; 2.58748382 ; 2.58748382 ; 2.58748386 ; -1.72571222 ; -1.72571226 ; -1.72571220 ; -1.72571228 ; -1.72571224 ; -1.72571237 
_U_X2O5 ; U2O5 ; U ; 5 ; 4 ; 10 ; 3.39160932 ; 3.39160934 ; 3.39160935 ; 3.39160935 ; -1.28114855 ; -1.28114856 ; -1.28114850 ; -1.28114867 ; -1.40733167 ; -1.40733165 ; -1.40733168 ; -1.40733165 ; -1.40733165 ; -1.40733217 
_U_XO ; UO ; U ; 2 ; 1 ; 1 ; 1.56985560 ; -1.57092614 
_U_XO2 ; UO2 ; U ; 4 ; 1 ; 2 ; 3.20522315 ; -1.60276355 ; -1.60276356 
_U_XO3 ; UO3 ; U ; 6 ; 1 ; 3 ; 3.66792895 ; -1.22318797 ; -1.22318795 ; -1.22318787 
_V_X2O ; V2O ; V ; 1 ; 2 ; 1 ; 0.29860316 ; 0.29858349 ; -0.59686515 
_V_X2O3 ; V2O3 ; V ; 3 ; 4 ; 6 ; 2.29084675 ; 2.29084633 ; 2.29084627 ; 2.29084633 ; -1.52753753 ; -1.52750481 ; -1.52753710 ; -1.52752156 ; -1.52753700 ; -1.52753648 
_V_X2O5 ; V2O5 ; V ; 5 ; 4 ; 10 ; 2.47326041 ; 2.47327430 ; 2.47326026 ; 2.47326028 ; -0.74489889 ; -0.74489890 ; -0.74462951 ; -0.74489866 ; -1.15604298 ; -1.15604873 ; -1.15604874 ; -1.15604822 ; -1.15604701 ; -1.15604863 
_V_XO ; VO ; V ; 2 ; 1 ; 1 ; 1.41502136 ; -1.41578830 
_V_XO2 ; VO2 ; V ; 4 ; 1 ; 2 ; 2.60801677 ; -1.30394093 ; -1.30384299 
_V_XO3 ; VO3 ; V ; 6 ; 1 ; 3 ; 2.83567778 ; -0.94472131 ; -0.94470858 ; -0.94471813 
_W_X2O ; W2O ; W ; 1 ; 2 ; 1 ; 0.28556120 ; 0.28537495 ; -0.57211426 
_W_X2O3 ; W2O3 ; W ; 3 ; 4 ; 6 ; 2.34156401 ; 2.34156384 ; 2.34156950 ; 2.34156952 ; -1.56156813 ; -1.56156815 ; -1.56156813 ; -1.56156800 ; -1.56156749 ; -1.56156779 
_W_X2O5 ; W2O5 ; W ; 5 ; 4 ; 10 ; 3.07880911 ; 3.07880909 ; 3.07880909 ; 3.07880907 ; -1.09937559 ; -1.09937558 ; -1.09937560 ; -1.09937565 ; -1.31963907 ; -1.31963903 ; -1.31963837 ; -1.31963900 ; -1.31963900 ; -1.31963936 
_W_XO ; WO ; W ; 2 ; 1 ; 1 ; 1.31815240 ; -1.31863881 
_W_XO2 ; WO2 ; W ; 4 ; 1 ; 2 ; 2.87176724 ; -1.43598422 ; -1.43598437 
_W_XO3 ; WO3 ; W ; 6 ; 1 ; 3 ; 3.61541928 ; -1.20561696 ; -1.20561687 ; -1.20561692 
_Xe_X2O ; e2O ; Xe ; 1 ; 2 ; 1 ; 0.15415905 ; 0.15412134 ; -0.30732172 
_Xe_X2O3 ; e2O3 ; Xe ; 3 ; 4 ; 6 ; 1.16071958 ; 1.16071419 ; 1.16071344 ; 1.16071345 ; -0.77508595 ; -0.77508814 ; -0.77508759 ; -0.77507638 ; -0.77508605 ; -0.77508773 
_Xe_X2O5 ; e2O5 ; Xe ; 5 ; 4 ; 10 ; 1.55444716 ; 1.55444409 ; 1.55444457 ; 1.55448665 ; -0.59527544 ; -0.59569699 ; -0.59569697 ; -0.59569725 ; -0.63779534 ; -0.63779504 ; -0.63779404 ; -0.63779487 ; -0.63778814 ; -0.63779424 
_Xe_XO ; eO ; Xe ; 2 ; 1 ; 1 ; 0.63743587 ; -0.63819753 
_Xe_XO2 ; eO2 ; Xe ; 4 ; 1 ; 2 ; 1.65031743 ; -0.82469505 ; -0.82469448 
_Xe_XO3 ; eO3 ; Xe ; 6 ; 1 ; 3 ; 2.88218573 ; -0.96190390 ; -0.96190420 ; -0.96190486 
_Yb_X2O ; Yb2O ; Yb ; 1 ; 2 ; 1 ; 0.51913453 ; 0.51914414 ; -1.03815573 
_Yb_X2O3 ; Yb2O3 ; Yb ; 3 ; 4 ; 6 ; 2.29589261 ; 2.29589260 ; 2.29589261 ; 2.29589267 ; -1.53129498 ; -1.53129498 ; -1.53129505 ; -1.53129496 ; -1.53129492 ; -1.53129512 
_Yb_X2O5 ; Yb2O5 ; Yb ; 5 ; 4 ; 10 ; 2.46369527 ; 2.46369526 ; 2.46369526 ; 2.46369530 ; -0.77424860 ; -0.77424855 ; -0.77424861 ; -0.77424876 ; -1.12746418 ; -1.12746417 ; -1.12746417 ; -1.12746409 ; -1.12746409 ; -1.12746413 
_Yb_XO ; YbO ; Yb ; 2 ; 1 ; 1 ; 1.50490649 ; -1.50534020 
_Yb_XO2 ; YbO2 ; Yb ; 4 ; 1 ; 2 ; 2.55744801 ; -1.27789073 ; -1.27789034 
_Yb_XO3 ; YbO3 ; Yb ; 6 ; 1 ; 3 ; 2.55016635 ; -0.85137653 ; -0.85137651 ; -0.85137653 
_Y_X2O ; Y2O ; Y ; 1 ; 2 ; 1 ; 0.35673593 ; 0.35673458 ; -0.71483038 
_Y_X2O3 ; Y2O3 ; Y ; 3 ; 4 ; 6 ; 2.33844687 ; 2.33844686 ; 2.33844687 ; 2.33844690 ; -1.55905823 ; -1.55905824 ; -1.55905790 ; -1.55905823 ; -1.55905825 ; -1.55905806 
_Y_X2O5 ; Y2O5 ; Y ; 5 ; 4 ; 10 ; 2.57200629 ; 2.57200630 ; 2.57200630 ; 2.57200620 ; -0.81666709 ; -0.81666706 ; -0.81666707 ; -0.81666717 ; -1.17119304 ; -1.17119303 ; -1.17119307 ; -1.17119312 ; -1.17119319 ; -1.17119319 
_Y_XO ; YO ; Y ; 2 ; 1 ; 1 ; 1.18129736 ; -1.18183393 
_Y_XO2 ; YO2 ; Y ; 4 ; 1 ; 2 ; 2.55444814 ; -1.27649322 ; -1.27649329 
_Y_XO3 ; YO3 ; Y ; 6 ; 1 ; 3 ; 2.40417247 ; -0.80267942 ; -0.80267903 ; -0.80266252 
_Zn_X2O ; Zn2O ; Zn ; 1 ; 2 ; 1 ; 0.51917702 ; 0.51917340 ; -1.04035124 
_Zn_X2O3 ; Zn2O3 ; Zn ; 3 ; 4 ; 6 ; 1.61935452 ; 1.61934973 ; 1.61934971 ; 1.61934961 ; -1.07961902 ; -1.07958756 ; -1.07962284 ; -1.07962100 ; -1.07962294 ; -1.07962384 
_Zn_X2O5 ; Zn2O5 ; Zn ; 5 ; 4 ; 10 ; 1.55906703 ; 1.55906559 ; 1.55906560 ; 1.55906564 ; -0.34191028 ; -0.34191051 ; -0.34191047 ; -0.34191067 ; -0.81264656 ; -0.81264708 ; -0.81262290 ; -0.81264696 ; -0.81264195 ; -0.81264896 
_Zn_XO ; ZnO ; Zn ; 2 ; 1 ; 1 ; 1.37409077 ; -1.37425670 
_Zn_XO2 ; ZnO2 ; Zn ; 4 ; 1 ; 2 ; 1.84826923 ; -0.92461848 ; -0.92264990 
_Zn_XO3 ; ZnO3 ; Zn ; 6 ; 1 ; 3 ; 2.06531020 ; -0.68946943 ; -0.68942315 ; -0.68945653 
_Zr_X2O ; Zr2O ; Zr ; 1 ; 2 ; 1 ; 0.34105566 ; 0.34106133 ; -0.68246951 
_Zr_X2O3 ; Zr2O3 ; Zr ; 3 ; 4 ; 6 ; 2.47486527 ; 2.47486528 ; 2.47486527 ; 2.47486530 ; -1.65013186 ; -1.65013189 ; -1.65013188 ; -1.65013193 ; -1.65013189 ; -1.65013201 
_Zr_X2O5 ; Zr2O5 ; Zr ; 5 ; 4 ; 10 ; 2.97861487 ; 2.97861485 ; 2.97861485 ; 2.97861482 ; -1.03655261 ; -1.03655258 ; -1.03655259 ; -1.03655250 ; -1.29580623 ; -1.29580597 ; -1.29580628 ; -1.29580616 ; -1.29580615 ; -1.29580633 
_Zr_XO ; ZrO ; Zr ; 2 ; 1 ; 1 ; 1.41125019 ; -1.41124624 
_Zr_XO2 ; ZrO2 ; Zr ; 4 ; 1 ; 2 ; 3.06975000 ; -1.53505723 ; -1.53505726 
_Zr_XO3 ; ZrO3 ; Zr ; 6 ; 1 ; 3 ; 2.97603775 ; -0.99209688 ; -0.99209683 ; -0.99209718 
