_Ac_BCC_222 ; BCC ; Ac ; 0 ; 8 ; 0 ; -0.00043800 ; -0.00043802 ; -0.00043797 ; -0.00043798 ; -0.00043799 ; -0.00043800 ; -0.00043801 ; -0.00043786 
_Ac_Diamond_222 ; Diamond ; Ac ; 0 ; 16 ; 0 ; 0.00004227 ; 0.00004226 ; 0.00004224 ; 0.00004228 ; 0.00004225 ; 0.00004225 ; 0.00004228 ; 0.00004230 ; 0.00004225 ; 0.00004236 ; 0.00004228 ; 0.00004254 ; 0.00004228 ; 0.00004239 ; 0.00004228 ; 0.00004235 
_Ac_FCC_222 ; FCC ; Ac ; 0 ; 8 ; 0 ; -0.00013501 ; -0.00013501 ; -0.00013501 ; -0.00013497 ; -0.00013500 ; -0.00013500 ; -0.00013502 ; -0.00013507 
_Ac_SC_222 ; SC ; Ac ; 0 ; 8 ; 0 ; -0.00041413 ; -0.00041410 ; -0.00041371 ; -0.00041414 ; -0.00041412 ; -0.00041410 ; -0.00041412 ; -0.00041401 
_Ag_BCC_222 ; BCC ; Ag ; 0 ; 8 ; 0 ; -0.00208285 ; -0.00208201 ; -0.00208283 ; -0.00208287 ; -0.00208284 ; -0.00208281 ; -0.00208196 ; -0.00208270 
_Ag_Diamond_222 ; Diamond ; Ag ; 0 ; 16 ; 0 ; -0.00231550 ; -0.00231549 ; -0.00231550 ; -0.00231553 ; -0.00231558 ; -0.00231548 ; -0.00231515 ; -0.00231504 ; -0.00231418 ; -0.00231549 ; -0.00231508 ; -0.00231493 ; -0.00231515 ; -0.00231383 ; -0.00231510 ; -0.00231390 
_Ag_FCC_222 ; FCC ; Ag ; 0 ; 8 ; 0 ; -0.00062717 ; -0.00062638 ; -0.00062637 ; -0.00062635 ; -0.00062703 ; -0.00062702 ; -0.00062706 ; -0.00062782 
_Ag_SC_222 ; SC ; Ag ; 0 ; 8 ; 0 ; -0.00143458 ; -0.00143455 ; -0.00143456 ; -0.00143454 ; -0.00143459 ; -0.00143457 ; -0.00143463 ; -0.00143416 
_Al_BCC_222 ; BCC ; Al ; 0 ; 8 ; 0 ; 0.00083040 ; 0.00075595 ; 0.00075523 ; 0.00078163 ; 0.00075632 ; 0.00075644 ; 0.00075681 ; 0.00075516 
_Al_Diamond_222 ; Diamond ; Al ; 0 ; 16 ; 0 ; 0.00341429 ; 0.00340789 ; 0.00368771 ; 0.00368740 ; 0.00340785 ; 0.00340784 ; 0.00340649 ; 0.00340648 ; 0.00368779 ; 0.00368778 ; 0.00368607 ; 0.00368578 ; 0.00340647 ; 0.00340377 ; 0.00368610 ; 0.00368315 
_Al_FCC_222 ; FCC ; Al ; 0 ; 8 ; 0 ; 0.00075868 ; 0.00072479 ; 0.00072164 ; 0.00072122 ; 0.00072116 ; 0.00072116 ; 0.00072123 ; 0.00072247 
_Al_SC_222 ; SC ; Al ; 0 ; 8 ; 0 ; -0.00092003 ; -0.00104987 ; -0.00109281 ; -0.00109318 ; -0.00109922 ; -0.00109605 ; -0.00109450 ; -0.00109204 
_Am_BCC_222 ; BCC ; Am ; 0 ; 8 ; 0 ; -0.00058289 ; -0.00058294 ; -0.00058283 ; -0.00058287 ; -0.00058283 ; -0.00058290 ; -0.00058285 ; -0.00058267 
_Am_Diamond_222 ; Diamond ; Am ; 0 ; 16 ; 0 ; -0.00087516 ; -0.00087505 ; -0.00087515 ; -0.00087504 ; -0.00087508 ; -0.00087511 ; -0.00087489 ; -0.00087498 ; -0.00087509 ; -0.00087511 ; -0.00087493 ; -0.00087472 ; -0.00087486 ; -0.00087451 ; -0.00087490 ; -0.00087429 
_Am_FCC_222 ; FCC ; Am ; 0 ; 8 ; 0 ; 0.00014237 ; 0.00014223 ; 0.00014223 ; 0.00014226 ; 0.00014223 ; 0.00014224 ; 0.00014222 ; 0.00014327 
_Am_SC_222 ; SC ; Am ; 0 ; 8 ; 0 ; -0.00043311 ; -0.00043310 ; -0.00043315 ; -0.00043319 ; -0.00043315 ; -0.00043320 ; -0.00043325 ; -0.00043328 
_Ar_BCC_222 ; BCC ; Ar ; 0 ; 8 ; 0 ; -0.00041127 ; -0.00041303 ; -0.00041327 ; -0.00041326 ; -0.00041327 ; -0.00041328 ; -0.00041302 ; -0.00041315 
_Ar_Diamond_222 ; Diamond ; Ar ; 0 ; 16 ; 0 ; 0.00024944 ; 0.00024788 ; 0.00024730 ; 0.00024787 ; 0.00024788 ; 0.00024786 ; 0.00024863 ; 0.00024858 ; 0.00024787 ; 0.00024785 ; 0.00024863 ; 0.00024863 ; 0.00024865 ; 0.00024986 ; 0.00024864 ; 0.00024986 
_Ar_FCC_222 ; FCC ; Ar ; 0 ; 8 ; 0 ; 0.00020148 ; 0.00020106 ; 0.00020106 ; 0.00020104 ; 0.00020106 ; 0.00020106 ; 0.00020108 ; 0.00020092 
_Ar_SC_222 ; SC ; Ar ; 0 ; 8 ; 0 ; -0.00083811 ; -0.00084081 ; -0.00084082 ; -0.00084081 ; -0.00084082 ; -0.00084081 ; -0.00084081 ; -0.00084056 
_As_BCC_222 ; BCC ; As ; 0 ; 8 ; 0 ; -0.00416244 ; -0.00427534 ; -0.00416285 ; -0.00427537 ; -0.00427540 ; -0.00427558 ; -0.00427472 ; -0.00427603 
_As_Diamond_222 ; Diamond ; As ; 0 ; 16 ; 0 ; -0.00190636 ; -0.00204646 ; 0.00518092 ; 0.00514779 ; -0.00200052 ; -0.00204252 ; -0.00203399 ; -0.00203515 ; 0.00512440 ; 0.00513251 ; 0.00514660 ; 0.00515358 ; -0.00203022 ; -0.00203456 ; 0.00514561 ; 0.00514886 
_As_FCC_222 ; FCC ; As ; 0 ; 8 ; 0 ; 0.00181097 ; 0.00170105 ; 0.00170162 ; 0.00170111 ; 0.00170103 ; 0.00170105 ; 0.00170108 ; 0.00170554 
_As_SC_222 ; SC ; As ; 0 ; 8 ; 0 ; -0.00292220 ; -0.00274263 ; -0.00298582 ; -0.00298955 ; -0.00298972 ; -0.00299850 ; -0.00298161 ; -0.00298539 
_At_BCC_222 ; BCC ; At ; 0 ; 8 ; 0 ; -0.00292804 ; -0.00292858 ; -0.00292863 ; -0.00292855 ; -0.00292864 ; -0.00292854 ; -0.00292860 ; -0.00292870 
_At_Diamond_222 ; Diamond ; At ; 0 ; 16 ; 0 ; -0.00146511 ; -0.00146628 ; -0.00146621 ; -0.00146624 ; -0.00146652 ; -0.00146631 ; -0.00146663 ; -0.00146663 ; -0.00146189 ; -0.00146641 ; -0.00146632 ; -0.00146618 ; -0.00146664 ; -0.00146734 ; -0.00146637 ; -0.00146713 
_At_FCC_222 ; FCC ; At ; 0 ; 8 ; 0 ; -0.00174397 ; -0.00174411 ; -0.00174411 ; -0.00174409 ; -0.00174411 ; -0.00174413 ; -0.00174411 ; -0.00174471 
_At_SC_222 ; SC ; At ; 0 ; 8 ; 0 ; -0.00193522 ; -0.00193588 ; -0.00193588 ; -0.00193587 ; -0.00193588 ; -0.00193581 ; -0.00193578 ; -0.00193637 
_Au_BCC_222 ; BCC ; Au ; 0 ; 8 ; 0 ; -0.00129348 ; -0.00129344 ; -0.00129339 ; -0.00129334 ; -0.00129341 ; -0.00129347 ; -0.00129349 ; -0.00129309 
_Au_Diamond_222 ; Diamond ; Au ; 0 ; 16 ; 0 ; -0.00583749 ; -0.00583748 ; 0.00566854 ; 0.00566891 ; -0.00583732 ; -0.00583738 ; -0.00583768 ; -0.00583768 ; 0.00566861 ; 0.00566865 ; 0.00566849 ; 0.00566872 ; -0.00583749 ; -0.00583739 ; 0.00566848 ; 0.00566867 
_Au_FCC_222 ; FCC ; Au ; 0 ; 8 ; 0 ; -0.00027961 ; -0.00027950 ; -0.00027949 ; -0.00027950 ; -0.00027949 ; -0.00027947 ; -0.00027951 ; -0.00027905 
_Au_SC_222 ; SC ; Au ; 0 ; 8 ; 0 ; -0.00127408 ; -0.00127338 ; -0.00127404 ; -0.00127407 ; -0.00127403 ; -0.00127409 ; -0.00127400 ; -0.00127427 
_Ba_BCC_222 ; BCC ; Ba ; 0 ; 8 ; 0 ; -0.00007589 ; -0.00007926 ; -0.00008104 ; -0.00008070 ; -0.00008105 ; -0.00008104 ; -0.00008097 ; -0.00008107 
_Ba_Diamond_222 ; Diamond ; Ba ; 0 ; 16 ; 0 ; -0.00053584 ; -0.00053521 ; -0.00053584 ; -0.00053524 ; -0.00053523 ; -0.00053522 ; -0.00053425 ; -0.00053427 ; -0.00053523 ; -0.00053522 ; -0.00053426 ; -0.00053421 ; -0.00053424 ; -0.00053246 ; -0.00053424 ; -0.00053246 
_Ba_FCC_222 ; FCC ; Ba ; 0 ; 8 ; 0 ; 0.00002562 ; 0.00002352 ; 0.00002352 ; 0.00002352 ; 0.00002352 ; 0.00002352 ; 0.00002354 ; 0.00002348 
_Ba_SC_222 ; SC ; Ba ; 0 ; 8 ; 0 ; 0.00000860 ; 0.00000588 ; 0.00000589 ; 0.00000588 ; 0.00000589 ; 0.00000588 ; 0.00000589 ; 0.00000596 
_B_BCC_222 ; BCC ; B ; 0 ; 8 ; 0 ; 0.00387598 ; 0.00380240 ; 0.00380772 ; 0.00380259 ; 0.00380346 ; 0.00380344 ; 0.00380417 ; 0.00380247 
_B_Diamond_222 ; Diamond ; B ; 0 ; 16 ; 0 ; -0.00585034 ; -0.00589353 ; -0.00589445 ; -0.00589412 ; -0.00589393 ; -0.00589392 ; -0.00589367 ; -0.00589364 ; -0.00588204 ; -0.00588201 ; -0.00589292 ; -0.00589282 ; -0.00589402 ; -0.00589218 ; -0.00589256 ; -0.00589259 
_Be_BCC_222 ; BCC ; Be ; 0 ; 8 ; 0 ; -0.00342288 ; -0.00356274 ; -0.00356107 ; -0.00356232 ; -0.00356272 ; -0.00356273 ; -0.00356260 ; -0.00356330 
_Be_Diamond_222 ; Diamond ; Be ; 0 ; 16 ; 0 ; -0.00307481 ; -0.00322044 ; -0.00321440 ; -0.00302065 ; -0.00321477 ; -0.00321392 ; -0.00322021 ; -0.00322010 ; -0.00321419 ; -0.00321842 ; -0.00321463 ; -0.00321483 ; -0.00321461 ; -0.00321209 ; -0.00321206 ; -0.00321466 
_Be_FCC_222 ; FCC ; Be ; 0 ; 8 ; 0 ; -0.00049250 ; -0.00059775 ; -0.00059281 ; -0.00059935 ; -0.00059977 ; -0.00059977 ; -0.00059980 ; -0.00059913 
_Be_SC_222 ; SC ; Be ; 0 ; 8 ; 0 ; -0.00076829 ; -0.00091365 ; -0.00091929 ; -0.00091847 ; -0.00092018 ; -0.00091859 ; -0.00091858 ; -0.00091671 
_B_FCC_222 ; FCC ; B ; 0 ; 8 ; 0 ; 0.00115309 ; 0.00094413 ; 0.00094412 ; 0.00094390 ; 0.00094350 ; 0.00094352 ; 0.00094350 ; 0.00094959 
_Bi_BCC_222 ; BCC ; Bi ; 0 ; 8 ; 0 ; -0.00184857 ; -0.00184859 ; -0.00184854 ; -0.00184853 ; -0.00184854 ; -0.00184857 ; -0.00184857 ; -0.00184846 
_Bi_Diamond_222 ; Diamond ; Bi ; 0 ; 16 ; 0 ; 0.00060937 ; 0.00060928 ; 0.00060935 ; 0.00060935 ; 0.00060929 ; 0.00060925 ; 0.00060909 ; 0.00060909 ; 0.00060928 ; 0.00060925 ; 0.00060910 ; 0.00060928 ; 0.00060913 ; 0.00060881 ; 0.00060912 ; 0.00060885 
_Bi_FCC_222 ; FCC ; Bi ; 0 ; 8 ; 0 ; 0.00005671 ; 0.00005673 ; 0.00005670 ; 0.00005671 ; 0.00005670 ; 0.00005670 ; 0.00005670 ; 0.00005658 
_Bi_SC_222 ; SC ; Bi ; 0 ; 8 ; 0 ; -0.00170430 ; -0.00170430 ; -0.00170330 ; -0.00170431 ; -0.00170429 ; -0.00170428 ; -0.00170328 ; -0.00170476 
_Br_BCC_222 ; BCC ; Br ; 0 ; 8 ; 0 ; 0.00002866 ; -0.00000937 ; -0.00001824 ; -0.00001625 ; -0.00001824 ; -0.00001822 ; -0.00001819 ; -0.00001840 
_Br_Diamond_222 ; Diamond ; Br ; 0 ; 16 ; 0 ; 0.00007309 ; 0.00003709 ; 0.00003787 ; 0.00003715 ; 0.00003709 ; 0.00003717 ; 0.00003704 ; 0.00003705 ; 0.00009439 ; 0.00003709 ; 0.00003704 ; 0.00003704 ; 0.00003706 ; 0.00003698 ; 0.00003706 ; 0.00003696 
_Br_FCC_222 ; FCC ; Br ; 0 ; 8 ; 0 ; 0.00017298 ; 0.00012157 ; 0.00012152 ; 0.00012153 ; 0.00012153 ; 0.00012153 ; 0.00012152 ; 0.00012321 
_Br_SC_222 ; SC ; Br ; 0 ; 8 ; 0 ; -0.00022292 ; -0.00030334 ; -0.00030337 ; -0.00029874 ; -0.00030288 ; -0.00029876 ; -0.00029876 ; -0.00029798 
_B_SC_222 ; SC ; B ; 0 ; 8 ; 0 ; -0.00033605 ; -0.00050240 ; -0.00050671 ; -0.00050381 ; -0.00049661 ; -0.00050325 ; -0.00050401 ; -0.00050144 
_Ca_BCC_222 ; BCC ; Ca ; 0 ; 8 ; 0 ; 0.00018337 ; 0.00012516 ; 0.00012442 ; 0.00024155 ; 0.00012270 ; 0.00012281 ; 0.00012511 ; 0.00012412 
_Ca_Diamond_222 ; Diamond ; Ca ; 0 ; 16 ; 0 ; -0.00148672 ; -0.00149205 ; -0.00175645 ; -0.00182861 ; -0.00149178 ; -0.00148981 ; -0.00148368 ; -0.00148369 ; -0.00182876 ; -0.00182889 ; -0.00182369 ; -0.00182375 ; -0.00148372 ; -0.00147542 ; -0.00182379 ; -0.00181424 
_Ca_FCC_222 ; FCC ; Ca ; 0 ; 8 ; 0 ; 0.00009840 ; 0.00005767 ; 0.00015712 ; 0.00010019 ; 0.00005142 ; 0.00005351 ; 0.00005047 ; 0.00005106 
_Ca_SC_222 ; SC ; Ca ; 0 ; 8 ; 0 ; -0.00094845 ; -0.00100273 ; -0.00086739 ; -0.00100428 ; -0.00099121 ; -0.00100019 ; -0.00097694 ; -0.00100168 
_C_BCC_222 ; BCC ; C ; 0 ; 8 ; 0 ; 0.00176920 ; 0.00155409 ; 0.00155228 ; 0.00173094 ; 0.00155279 ; 0.00155310 ; 0.00155534 ; 0.00155136 
_Cd_BCC_222 ; BCC ; Cd ; 0 ; 8 ; 0 ; -0.00230893 ; -0.00230852 ; -0.00230892 ; -0.00230887 ; -0.00230895 ; -0.00230895 ; -0.00230916 ; -0.00230852 
_Cd_Diamond_222 ; Diamond ; Cd ; 0 ; 16 ; 0 ; 0.00357170 ; 0.00352715 ; -0.00437455 ; -0.00435037 ; 0.00353375 ; 0.00356825 ; 0.00352849 ; 0.00353762 ; -0.00440729 ; -0.00446161 ; -0.00440051 ; -0.00442390 ; 0.00354429 ; 0.00353889 ; -0.00441970 ; -0.00439916 
_Cd_FCC_222 ; FCC ; Cd ; 0 ; 8 ; 0 ; 0.00038581 ; 0.00038583 ; 0.00038583 ; 0.00038660 ; 0.00038586 ; 0.00038583 ; 0.00038591 ; 0.00038504 
_C_Diamond_222 ; Diamond ; C ; 0 ; 16 ; 0 ; -0.00095951 ; -0.00124169 ; -0.00105867 ; -0.00106591 ; -0.00128351 ; -0.00124597 ; -0.00128276 ; -0.00124558 ; -0.00056958 ; -0.00104460 ; -0.00104122 ; -0.00102829 ; -0.00128445 ; -0.00123420 ; -0.00104030 ; -0.00104145 
_Cd_SC_222 ; SC ; Cd ; 0 ; 8 ; 0 ; -0.00207753 ; -0.00207761 ; -0.00207765 ; -0.00207769 ; -0.00207765 ; -0.00207761 ; -0.00207760 ; -0.00207747 
_Ce_BCC_222 ; BCC ; Ce ; 0 ; 8 ; 0 ; 0.00004494 ; 0.00004504 ; 0.00004496 ; 0.00004496 ; 0.00004495 ; 0.00004494 ; 0.00004504 ; 0.00004503 
_Ce_Diamond_222 ; Diamond ; Ce ; 0 ; 16 ; 0 ; 0.00010115 ; 0.00010100 ; 0.00010116 ; 0.00010099 ; 0.00010101 ; 0.00010103 ; 0.00010076 ; 0.00010082 ; 0.00010099 ; 0.00010100 ; 0.00010075 ; 0.00010077 ; 0.00010071 ; 0.00010052 ; 0.00010068 ; 0.00010050 
_Ce_FCC_222 ; FCC ; Ce ; 0 ; 8 ; 0 ; -0.00002747 ; -0.00002746 ; -0.00002746 ; -0.00002744 ; -0.00002747 ; -0.00002747 ; -0.00002747 ; -0.00002738 
_Ce_SC_222 ; SC ; Ce ; 0 ; 8 ; 0 ; -0.00051236 ; -0.00051233 ; -0.00051237 ; -0.00051232 ; -0.00051237 ; -0.00051234 ; -0.00051238 ; -0.00051219 
_C_FCC_222 ; FCC ; C ; 0 ; 8 ; 0 ; 0.00024505 ; 0.00004866 ; 0.00004876 ; 0.00004885 ; 0.00004855 ; 0.00004857 ; 0.00004857 ; 0.00005540 
_Cl_BCC_222 ; BCC ; Cl ; 0 ; 8 ; 0 ; -0.00044871 ; -0.00047757 ; -0.00047755 ; -0.00047754 ; -0.00047674 ; -0.00047676 ; -0.00047670 ; -0.00047751 
_Cl_Diamond_222 ; Diamond ; Cl ; 0 ; 16 ; 0 ; -0.00067349 ; -0.00074646 ; -0.00075188 ; -0.00075142 ; -0.00076080 ; -0.00074647 ; -0.00076057 ; -0.00074627 ; -0.00047600 ; -0.00075172 ; -0.00074695 ; -0.00074535 ; -0.00076055 ; -0.00074537 ; -0.00074695 ; -0.00074655 
_Cl_FCC_222 ; FCC ; Cl ; 0 ; 8 ; 0 ; -0.00052689 ; -0.00054727 ; -0.00054728 ; -0.00054728 ; -0.00054728 ; -0.00054728 ; -0.00054727 ; -0.00054704 
_Cl_SC_222 ; SC ; Cl ; 0 ; 8 ; 0 ; -0.00042624 ; -0.00055283 ; -0.00055286 ; -0.00054586 ; -0.00055209 ; -0.00054592 ; -0.00054589 ; -0.00054471 
_Cm_BCC_222 ; BCC ; Cm ; 0 ; 8 ; 0 ; -0.00058044 ; -0.00058044 ; -0.00058037 ; -0.00058038 ; -0.00058038 ; -0.00058043 ; -0.00058044 ; -0.00058085 
_Cm_Diamond_222 ; Diamond ; Cm ; 0 ; 16 ; 0 ; -0.00071366 ; -0.00071353 ; -0.00071365 ; -0.00071354 ; -0.00071357 ; -0.00071357 ; -0.00071339 ; -0.00071347 ; -0.00071358 ; -0.00071358 ; -0.00071343 ; -0.00071333 ; -0.00071337 ; -0.00071318 ; -0.00071339 ; -0.00071314 
_Cm_FCC_222 ; FCC ; Cm ; 0 ; 8 ; 0 ; 0.00025588 ; 0.00025584 ; 0.00025585 ; 0.00025588 ; 0.00025584 ; 0.00025585 ; 0.00025583 ; 0.00025629 
_Cm_SC_222 ; SC ; Cm ; 0 ; 8 ; 0 ; -0.00152300 ; -0.00152300 ; -0.00152303 ; -0.00152304 ; -0.00152303 ; -0.00152308 ; -0.00152312 ; -0.00152319 
_Co_BCC_222 ; BCC ; Co ; 0 ; 8 ; 0 ; -0.00137765 ; -0.00137751 ; -0.00137763 ; -0.00137765 ; -0.00137763 ; -0.00137768 ; -0.00137757 ; -0.00137706 
_Co_Diamond_222 ; Diamond ; Co ; 0 ; 16 ; 0 ; 0.00072045 ; 0.00072042 ; 0.00072045 ; 0.00072047 ; 0.00072045 ; 0.00072048 ; 0.00072045 ; 0.00072038 ; 0.00072046 ; 0.00072050 ; 0.00072046 ; 0.00072039 ; 0.00072044 ; 0.00072048 ; 0.00072046 ; 0.00072072 
_Co_FCC_222 ; FCC ; Co ; 0 ; 8 ; 0 ; -0.00032234 ; -0.00032214 ; -0.00032213 ; -0.00032202 ; -0.00032211 ; -0.00032208 ; -0.00032210 ; -0.00032160 
_Co_SC_222 ; SC ; Co ; 0 ; 8 ; 0 ; -0.00151971 ; -0.00151979 ; -0.00151978 ; -0.00151979 ; -0.00151977 ; -0.00151979 ; -0.00151976 ; -0.00152024 
_Cr_BCC_222 ; BCC ; Cr ; 0 ; 8 ; 0 ; -0.00148903 ; -0.00148894 ; -0.00148901 ; -0.00148899 ; -0.00148899 ; -0.00148905 ; -0.00148899 ; -0.00148887 
_Cr_Diamond_222 ; Diamond ; Cr ; 0 ; 16 ; 0 ; -0.00013481 ; -0.00014054 ; -0.00014024 ; -0.00012715 ; -0.00014034 ; -0.00014001 ; -0.00014069 ; -0.00014049 ; -0.00013413 ; -0.00014020 ; -0.00013777 ; -0.00014010 ; -0.00014030 ; -0.00014012 ; -0.00013998 ; -0.00014007 
_Cr_FCC_222 ; FCC ; Cr ; 0 ; 8 ; 0 ; 0.00049955 ; 0.00049960 ; 0.00049961 ; 0.00049985 ; 0.00049964 ; 0.00049963 ; 0.00049956 ; 0.00050056 
_Cr_SC_222 ; SC ; Cr ; 0 ; 8 ; 0 ; -0.00228546 ; -0.00228549 ; -0.00228551 ; -0.00228547 ; -0.00228553 ; -0.00228549 ; -0.00228554 ; -0.00228617 
_Cs_BCC_222 ; BCC ; Cs ; 0 ; 8 ; 0 ; -0.00007669 ; -0.00007782 ; -0.00007787 ; -0.00007780 ; -0.00007787 ; -0.00007785 ; -0.00007781 ; -0.00007790 
_C_SC_222 ; SC ; C ; 0 ; 8 ; 0 ; -0.00041869 ; -0.00059991 ; -0.00058674 ; -0.00059473 ; -0.00048632 ; -0.00059831 ; -0.00058861 ; -0.00059428 
_Cs_Diamond_222 ; Diamond ; Cs ; 0 ; 16 ; 0 ; 0.00010194 ; 0.00010055 ; 0.00010173 ; 0.00010047 ; 0.00010055 ; 0.00009998 ; 0.00009936 ; 0.00009880 ; 0.00010052 ; 0.00011006 ; 0.00009940 ; 0.00009935 ; 0.00009879 ; 0.00009709 ; 0.00009934 ; 0.00009701 
_Cs_FCC_222 ; FCC ; Cs ; 0 ; 8 ; 0 ; -0.00006731 ; -0.00011915 ; -0.00011910 ; -0.00011875 ; -0.00011915 ; -0.00011915 ; -0.00011914 ; -0.00011773 
_Cs_SC_222 ; SC ; Cs ; 0 ; 8 ; 0 ; -0.00022761 ; -0.00026843 ; -0.00024423 ; -0.00026773 ; -0.00026459 ; -0.00026641 ; -0.00026528 ; -0.00026596 
_Cu_BCC_222 ; BCC ; Cu ; 0 ; 8 ; 0 ; -0.00370914 ; -0.00370899 ; -0.00370911 ; -0.00370905 ; -0.00370905 ; -0.00370909 ; -0.00370895 ; -0.00370951 
_Cu_Diamond_222 ; Diamond ; Cu ; 0 ; 16 ; 0 ; -0.00177228 ; -0.00177148 ; -0.00177201 ; -0.00177157 ; -0.00177149 ; -0.00177195 ; -0.00177107 ; -0.00177155 ; -0.00177157 ; -0.00176377 ; -0.00177102 ; -0.00177134 ; -0.00177142 ; -0.00177093 ; -0.00177111 ; -0.00177090 
_Cu_FCC_222 ; FCC ; Cu ; 0 ; 8 ; 0 ; -0.00046916 ; -0.00046912 ; -0.00046913 ; -0.00046914 ; -0.00046913 ; -0.00046913 ; -0.00046903 ; -0.00046864 
_Cu_SC_222 ; SC ; Cu ; 0 ; 8 ; 0 ; -0.00112346 ; -0.00112092 ; -0.00112350 ; -0.00112157 ; -0.00112369 ; -0.00112385 ; -0.00112376 ; -0.00112373 
_Dy_BCC_222 ; BCC ; Dy ; 0 ; 8 ; 0 ; -0.00212184 ; -0.00212198 ; -0.00212177 ; -0.00212206 ; -0.00212199 ; -0.00212200 ; -0.00211967 ; -0.00212211 
_Dy_Diamond_222 ; Diamond ; Dy ; 0 ; 16 ; 0 ; -0.00205915 ; -0.00205857 ; -0.00205917 ; -0.00205855 ; -0.00205859 ; -0.00205854 ; -0.00205788 ; -0.00205787 ; -0.00205857 ; -0.00205852 ; -0.00205784 ; -0.00205796 ; -0.00205791 ; -0.00205673 ; -0.00205792 ; -0.00205720 
_Dy_FCC_222 ; FCC ; Dy ; 0 ; 8 ; 0 ; -0.00090986 ; -0.00091014 ; -0.00091033 ; -0.00090914 ; -0.00091031 ; -0.00091032 ; -0.00091028 ; -0.00091003 
_Dy_SC_222 ; SC ; Dy ; 0 ; 8 ; 0 ; -0.00218878 ; -0.00218774 ; -0.00218878 ; -0.00218877 ; -0.00218881 ; -0.00218877 ; -0.00218872 ; -0.00218903 
_Er_BCC_222 ; BCC ; Er ; 0 ; 8 ; 0 ; -0.00200130 ; -0.00200141 ; -0.00200113 ; -0.00200161 ; -0.00200157 ; -0.00200153 ; -0.00200144 ; -0.00200236 
_Er_Diamond_222 ; Diamond ; Er ; 0 ; 16 ; 0 ; -0.00009153 ; -0.00009142 ; -0.00011145 ; -0.00011135 ; -0.00009144 ; -0.00009144 ; -0.00009126 ; -0.00009129 ; -0.00011136 ; -0.00011136 ; -0.00011118 ; -0.00011118 ; -0.00009125 ; -0.00009107 ; -0.00011117 ; -0.00011098 
_Er_FCC_222 ; FCC ; Er ; 0 ; 8 ; 0 ; -0.00001450 ; -0.00001512 ; -0.00001439 ; -0.00001225 ; -0.00001515 ; -0.00001514 ; -0.00001511 ; -0.00001521 
_Er_SC_222 ; SC ; Er ; 0 ; 8 ; 0 ; -0.00227072 ; -0.00227177 ; -0.00227174 ; -0.00227182 ; -0.00227174 ; -0.00227174 ; -0.00227175 ; -0.00227218 
_Eu_BCC_222 ; BCC ; Eu ; 0 ; 8 ; 0 ; -0.00085235 ; -0.00085228 ; -0.00085240 ; -0.00085238 ; -0.00085241 ; -0.00085234 ; -0.00085222 ; -0.00085264 
_Eu_Diamond_222 ; Diamond ; Eu ; 0 ; 16 ; 0 ; 0.00032790 ; 0.00032777 ; 0.00032790 ; 0.00032776 ; 0.00032778 ; 0.00032770 ; 0.00032773 ; 0.00032769 ; 0.00032776 ; 0.00032770 ; 0.00032773 ; 0.00032769 ; 0.00032774 ; 0.00032746 ; 0.00032780 ; 0.00032766 
_Eu_FCC_222 ; FCC ; Eu ; 0 ; 8 ; 0 ; 0.00002140 ; 0.00002140 ; 0.00002139 ; 0.00002144 ; 0.00002139 ; 0.00002139 ; 0.00002140 ; 0.00002145 
_Eu_SC_222 ; SC ; Eu ; 0 ; 8 ; 0 ; -0.00127665 ; -0.00127669 ; -0.00127664 ; -0.00127672 ; -0.00127664 ; -0.00127671 ; -0.00127666 ; -0.00127681 
_F_BCC_222 ; BCC ; F ; 0 ; 8 ; 0 ; -0.00154957 ; -0.00155001 ; -0.00154997 ; -0.00154997 ; -0.00154997 ; -0.00154997 ; -0.00154997 ; -0.00154950 
_F_Diamond_222 ; Diamond ; F ; 0 ; 16 ; 0 ; -0.00079622 ; -0.00080031 ; -0.00080053 ; -0.00080043 ; -0.00080031 ; -0.00080033 ; -0.00080023 ; -0.00080024 ; -0.00080047 ; -0.00080050 ; -0.00080022 ; -0.00080025 ; -0.00080021 ; -0.00080018 ; -0.00080020 ; -0.00080003 
_Fe_BCC_222 ; BCC ; Fe ; 0 ; 8 ; 0 ; -0.00331245 ; -0.00331241 ; -0.00331250 ; -0.00331248 ; -0.00331250 ; -0.00331253 ; -0.00331235 ; -0.00331191 
_Fe_Diamond_222 ; Diamond ; Fe ; 0 ; 16 ; 0 ; -0.00283991 ; -0.00283987 ; -0.00283994 ; -0.00283990 ; -0.00283989 ; -0.00283987 ; -0.00283930 ; -0.00283930 ; -0.00283922 ; -0.00283990 ; -0.00283926 ; -0.00283922 ; -0.00283935 ; -0.00283902 ; -0.00283933 ; -0.00283923 
_Fe_FCC_222 ; FCC ; Fe ; 0 ; 8 ; 0 ; -0.00113663 ; -0.00113656 ; -0.00113655 ; -0.00113663 ; -0.00113656 ; -0.00113657 ; -0.00113653 ; -0.00113739 
_Fe_SC_222 ; SC ; Fe ; 0 ; 8 ; 0 ; -0.00231574 ; -0.00231571 ; -0.00231571 ; -0.00231564 ; -0.00231571 ; -0.00231565 ; -0.00231571 ; -0.00231704 
_F_FCC_222 ; FCC ; F ; 0 ; 8 ; 0 ; -0.00059709 ; -0.00060105 ; -0.00060106 ; -0.00060109 ; -0.00060105 ; -0.00060105 ; -0.00060104 ; -0.00060095 
_Fr_BCC_222 ; BCC ; Fr ; 0 ; 8 ; 0 ; -0.00001118 ; -0.00003275 ; -0.00000519 ; -0.00003454 ; -0.00003517 ; -0.00003534 ; -0.00000763 ; -0.00003532 
_Fr_Diamond_222 ; Diamond ; Fr ; 0 ; 16 ; 0 ; -0.00013714 ; -0.00016877 ; -0.00016505 ; -0.00017246 ; -0.00017059 ; -0.00017244 ; -0.00016838 ; -0.00017008 ; -0.00017215 ; -0.00014325 ; -0.00016807 ; -0.00016846 ; -0.00017008 ; -0.00016456 ; -0.00016836 ; -0.00016495 
_Fr_FCC_222 ; FCC ; Fr ; 0 ; 8 ; 0 ; -0.00001834 ; -0.00003630 ; -0.00003629 ; -0.00003629 ; -0.00003630 ; -0.00003630 ; -0.00003633 ; -0.00003631 
_Fr_SC_222 ; SC ; Fr ; 0 ; 8 ; 0 ; -0.00004300 ; -0.00005155 ; -0.00005150 ; -0.00005155 ; -0.00005153 ; -0.00005155 ; -0.00005155 ; -0.00005152 
_F_SC_222 ; SC ; F ; 0 ; 8 ; 0 ; -0.00185592 ; -0.00188089 ; -0.00188090 ; -0.00187969 ; -0.00188087 ; -0.00187970 ; -0.00187970 ; -0.00188014 
_Ga_BCC_222 ; BCC ; Ga ; 0 ; 8 ; 0 ; -0.00270792 ; -0.00272112 ; -0.00271957 ; -0.00272086 ; -0.00272068 ; -0.00272070 ; -0.00272091 ; -0.00272061 
_Ga_Diamond_222 ; Diamond ; Ga ; 0 ; 16 ; 0 ; 0.00149410 ; 0.00149388 ; 0.00116140 ; 0.00116114 ; 0.00149387 ; 0.00149385 ; 0.00149337 ; 0.00149331 ; 0.00116117 ; 0.00116116 ; 0.00116067 ; 0.00116074 ; 0.00149337 ; 0.00149252 ; 0.00116068 ; 0.00115990 
_Ga_FCC_222 ; FCC ; Ga ; 0 ; 8 ; 0 ; 0.00163072 ; 0.00163856 ; 0.00162313 ; 0.00162353 ; 0.00162306 ; 0.00162305 ; 0.00162361 ; 0.00162319 
_Ga_SC_222 ; SC ; Ga ; 0 ; 8 ; 0 ; -0.00252544 ; -0.00253718 ; -0.00253704 ; -0.00253703 ; -0.00253724 ; -0.00253691 ; -0.00253696 ; -0.00253825 
_Gd_BCC_222 ; BCC ; Gd ; 0 ; 8 ; 0 ; -0.00057287 ; -0.00057298 ; -0.00057290 ; -0.00057289 ; -0.00057289 ; -0.00057291 ; -0.00057299 ; -0.00057302 
_Gd_Diamond_222 ; Diamond ; Gd ; 0 ; 16 ; 0 ; 0.00082793 ; 0.00082780 ; 0.00082794 ; 0.00082782 ; 0.00082784 ; 0.00082781 ; 0.00082761 ; 0.00082763 ; 0.00082783 ; 0.00082783 ; 0.00082757 ; 0.00082777 ; 0.00082763 ; 0.00082747 ; 0.00082761 ; 0.00082744 
_Gd_FCC_222 ; FCC ; Gd ; 0 ; 8 ; 0 ; 0.00051648 ; 0.00051664 ; 0.00051648 ; 0.00051654 ; 0.00051648 ; 0.00051647 ; 0.00051650 ; 0.00051587 
_Gd_SC_222 ; SC ; Gd ; 0 ; 8 ; 0 ; -0.00071896 ; -0.00071895 ; -0.00071896 ; -0.00071897 ; -0.00071897 ; -0.00071895 ; -0.00071899 ; -0.00071924 
_Ge_BCC_222 ; BCC ; Ge ; 0 ; 8 ; 0 ; -0.00438175 ; -0.00442695 ; -0.00442333 ; -0.00442652 ; -0.00442598 ; -0.00442600 ; -0.00442580 ; -0.00442710 
_Ge_Diamond_222 ; Diamond ; Ge ; 0 ; 16 ; 0 ; -0.00022815 ; -0.00022789 ; -0.00022391 ; -0.00022788 ; -0.00022797 ; -0.00022816 ; -0.00022776 ; -0.00022809 ; -0.00022782 ; -0.00022801 ; -0.00022779 ; -0.00022786 ; -0.00022772 ; -0.00022829 ; -0.00022777 ; -0.00022846 
_Ge_FCC_222 ; FCC ; Ge ; 0 ; 8 ; 0 ; -0.00219154 ; -0.00220670 ; -0.00220740 ; -0.00220732 ; -0.00220746 ; -0.00220746 ; -0.00220752 ; -0.00220702 
_Ge_SC_222 ; SC ; Ge ; 0 ; 8 ; 0 ; -0.00312529 ; -0.00313886 ; -0.00314088 ; -0.00314048 ; -0.00314100 ; -0.00314053 ; -0.00314041 ; -0.00313914 
_H_BCC_222 ; BCC ; H ; 0 ; 8 ; 0 ; 0.00564583 ; 0.00563634 ; 0.00563627 ; 0.00563702 ; 0.00563642 ; 0.00563642 ; 0.00563649 ; 0.00563651 
_H_Diamond_222 ; Diamond ; H ; 0 ; 16 ; 0 ; 0.00224242 ; 0.00223199 ; 0.00223194 ; 0.00223483 ; 0.00223216 ; 0.00223205 ; 0.00223191 ; 0.00223185 ; 0.00223183 ; 0.00223304 ; 0.00223213 ; 0.00223222 ; 0.00223197 ; 0.00223206 ; 0.00223214 ; 0.00223213 
_He_BCC_222 ; BCC ; He ; 0 ; 8 ; 0 ; -0.00076526 ; -0.00076551 ; -0.00076527 ; -0.00076527 ; -0.00076527 ; -0.00076526 ; -0.00076550 ; -0.00076525 
_He_Diamond_222 ; Diamond ; He ; 0 ; 16 ; 0 ; 0.00186411 ; 0.00186410 ; 0.00186411 ; 0.00186410 ; 0.00186409 ; 0.00186410 ; 0.00186407 ; 0.00186406 ; 0.00186409 ; 0.00186410 ; 0.00186407 ; 0.00186408 ; 0.00186407 ; 0.00186401 ; 0.00186407 ; 0.00186402 
_He_FCC_222 ; FCC ; He ; 0 ; 8 ; 0 ; -0.00013219 ; -0.00013249 ; -0.00013249 ; -0.00013252 ; -0.00013249 ; -0.00013249 ; -0.00013248 ; -0.00013233 
_He_SC_222 ; SC ; He ; 0 ; 8 ; 0 ; 0.00092469 ; 0.00092469 ; 0.00092469 ; 0.00092468 ; 0.00092469 ; 0.00092469 ; 0.00092469 ; 0.00092466 
_Hf_BCC_222 ; BCC ; Hf ; 0 ; 8 ; 0 ; -0.00051257 ; -0.00051256 ; -0.00051261 ; -0.00051263 ; -0.00051260 ; -0.00051259 ; -0.00051253 ; -0.00051260 
_H_FCC_222 ; FCC ; H ; 0 ; 8 ; 0 ; 0.00207801 ; 0.00206917 ; 0.00206914 ; 0.00206909 ; 0.00206910 ; 0.00206910 ; 0.00206909 ; 0.00206958 
_Hf_Diamond_222 ; Diamond ; Hf ; 0 ; 16 ; 0 ; -0.00101640 ; -0.00101593 ; -0.00101641 ; -0.00101593 ; -0.00101587 ; -0.00101590 ; -0.00101507 ; -0.00101508 ; -0.00101595 ; -0.00101591 ; -0.00101507 ; -0.00101509 ; -0.00101511 ; -0.00101363 ; -0.00101510 ; -0.00101356 
_Hf_FCC_222 ; FCC ; Hf ; 0 ; 8 ; 0 ; -0.00000465 ; -0.00000462 ; -0.00000462 ; -0.00000462 ; -0.00000462 ; -0.00000463 ; -0.00000462 ; -0.00000470 
_Hf_SC_222 ; SC ; Hf ; 0 ; 8 ; 0 ; -0.00112811 ; -0.00112812 ; -0.00112811 ; -0.00112815 ; -0.00112811 ; -0.00112812 ; -0.00112811 ; -0.00112829 
_Hg_BCC_222 ; BCC ; Hg ; 0 ; 8 ; 0 ; -0.00212160 ; -0.00212160 ; -0.00212073 ; -0.00212181 ; -0.00212177 ; -0.00212162 ; -0.00212159 ; -0.00212272 
_Hg_Diamond_222 ; Diamond ; Hg ; 0 ; 16 ; 0 ; -0.00035244 ; -0.00035400 ; -0.00035344 ; -0.00035120 ; -0.00035389 ; -0.00035307 ; -0.00035403 ; -0.00035407 ; -0.00035392 ; -0.00035403 ; -0.00035393 ; -0.00035384 ; -0.00035393 ; -0.00035414 ; -0.00035394 ; -0.00035415 
_Hg_FCC_222 ; FCC ; Hg ; 0 ; 8 ; 0 ; -0.00018332 ; -0.00018290 ; -0.00018289 ; -0.00018285 ; -0.00018291 ; -0.00018290 ; -0.00018298 ; -0.00018330 
_Hg_SC_222 ; SC ; Hg ; 0 ; 8 ; 0 ; -0.00138524 ; -0.00138527 ; -0.00138527 ; -0.00138528 ; -0.00138528 ; -0.00138527 ; -0.00138526 ; -0.00138518 
_Ho_BCC_222 ; BCC ; Ho ; 0 ; 8 ; 0 ; -0.00199653 ; -0.00199648 ; -0.00199657 ; -0.00199647 ; -0.00199649 ; -0.00199647 ; -0.00199737 ; -0.00199634 
_Ho_Diamond_222 ; Diamond ; Ho ; 0 ; 16 ; 0 ; -0.00021478 ; -0.00021477 ; 0.00016136 ; 0.00016143 ; -0.00021477 ; -0.00021477 ; -0.00021473 ; -0.00021474 ; 0.00016138 ; 0.00016140 ; 0.00016142 ; 0.00016148 ; -0.00021469 ; -0.00021453 ; 0.00016146 ; 0.00016137 
_Ho_FCC_222 ; FCC ; Ho ; 0 ; 8 ; 0 ; -0.00100972 ; -0.00100932 ; -0.00100931 ; -0.00100932 ; -0.00100931 ; -0.00100931 ; -0.00100934 ; -0.00100930 
_Ho_SC_222 ; SC ; Ho ; 0 ; 8 ; 0 ; -0.00243375 ; -0.00243379 ; -0.00243410 ; -0.00243378 ; -0.00243377 ; -0.00243381 ; -0.00243377 ; -0.00243375 
_H_SC_222 ; SC ; H ; 0 ; 8 ; 0 ; -0.00142001 ; -0.00143065 ; -0.00143451 ; -0.00143438 ; -0.00143349 ; -0.00143393 ; -0.00143442 ; -0.00143400 
_I_BCC_222 ; BCC ; I ; 0 ; 8 ; 0 ; -0.00350777 ; -0.00352490 ; -0.00352484 ; -0.00352490 ; -0.00352430 ; -0.00352430 ; -0.00352445 ; -0.00352469 
_I_Diamond_222 ; Diamond ; I ; 0 ; 16 ; 0 ; -0.00018614 ; -0.00018418 ; -0.00018431 ; -0.00018446 ; -0.00018420 ; -0.00018762 ; -0.00018446 ; -0.00018789 ; -0.00018448 ; -0.00012248 ; -0.00018436 ; -0.00018476 ; -0.00018790 ; -0.00018501 ; -0.00018465 ; -0.00018516 
_I_FCC_222 ; FCC ; I ; 0 ; 8 ; 0 ; -0.00141534 ; -0.00141918 ; -0.00142099 ; -0.00142091 ; -0.00142100 ; -0.00142099 ; -0.00142095 ; -0.00142118 
_In_BCC_222 ; BCC ; In ; 0 ; 8 ; 0 ; -0.00201271 ; -0.00201310 ; -0.00201312 ; -0.00201326 ; -0.00201309 ; -0.00201305 ; -0.00201304 ; -0.00201488 
_In_Diamond_222 ; Diamond ; In ; 0 ; 16 ; 0 ; 0.00025428 ; 0.00025427 ; -0.00011960 ; -0.00011962 ; 0.00025427 ; 0.00025427 ; 0.00025428 ; 0.00025423 ; -0.00011961 ; -0.00011960 ; -0.00011960 ; -0.00011963 ; 0.00025429 ; 0.00025430 ; -0.00011959 ; -0.00011962 
_In_FCC_222 ; FCC ; In ; 0 ; 8 ; 0 ; 0.00113574 ; 0.00113576 ; 0.00113573 ; 0.00113574 ; 0.00113572 ; 0.00113572 ; 0.00113577 ; 0.00113540 
_In_SC_222 ; SC ; In ; 0 ; 8 ; 0 ; -0.00139710 ; -0.00139757 ; -0.00139756 ; -0.00139749 ; -0.00139758 ; -0.00139754 ; -0.00139755 ; -0.00139764 
_Ir_BCC_222 ; BCC ; Ir ; 0 ; 8 ; 0 ; -0.00146353 ; -0.00146339 ; -0.00146349 ; -0.00146347 ; -0.00146347 ; -0.00146354 ; -0.00146334 ; -0.00146347 
_Ir_Diamond_222 ; Diamond ; Ir ; 0 ; 16 ; 0 ; -0.00115149 ; -0.00115135 ; -0.00115149 ; -0.00115140 ; -0.00115133 ; -0.00115137 ; -0.00115100 ; -0.00115104 ; -0.00115135 ; -0.00115137 ; -0.00115104 ; -0.00115098 ; -0.00115101 ; -0.00115068 ; -0.00115103 ; -0.00115083 
_Ir_FCC_222 ; FCC ; Ir ; 0 ; 8 ; 0 ; -0.00029277 ; -0.00029276 ; -0.00029277 ; -0.00029271 ; -0.00029276 ; -0.00029276 ; -0.00029273 ; -0.00029232 
_Ir_SC_222 ; SC ; Ir ; 0 ; 8 ; 0 ; -0.00144574 ; -0.00144579 ; -0.00144574 ; -0.00144575 ; -0.00144574 ; -0.00144578 ; -0.00144578 ; -0.00144538 
_I_SC_222 ; SC ; I ; 0 ; 8 ; 0 ; -0.00263775 ; -0.00263891 ; -0.00263895 ; -0.00263647 ; -0.00249385 ; -0.00264741 ; -0.00264763 ; -0.00263808 
_K_BCC_222 ; BCC ; K ; 0 ; 8 ; 0 ; -0.00056595 ; -0.00064052 ; -0.00064293 ; -0.00064116 ; -0.00064181 ; -0.00064178 ; -0.00064115 ; -0.00064317 
_K_Diamond_222 ; Diamond ; K ; 0 ; 16 ; 0 ; 0.00101276 ; 0.00097126 ; 0.00103173 ; 0.00097805 ; 0.00097464 ; 0.00097309 ; 0.00097183 ; 0.00097185 ; 0.00097241 ; 0.00097261 ; 0.00097185 ; 0.00097195 ; 0.00097215 ; 0.00096680 ; 0.00097182 ; 0.00096681 
_K_FCC_222 ; FCC ; K ; 0 ; 8 ; 0 ; -0.00047942 ; -0.00055273 ; -0.00055309 ; -0.00055301 ; -0.00055312 ; -0.00055312 ; -0.00055310 ; -0.00055109 
_Kr_BCC_222 ; BCC ; Kr ; 0 ; 8 ; 0 ; -0.00036767 ; -0.00036887 ; -0.00036867 ; -0.00036866 ; -0.00036866 ; -0.00036869 ; -0.00036884 ; -0.00036873 
_Kr_Diamond_222 ; Diamond ; Kr ; 0 ; 16 ; 0 ; 0.00004762 ; 0.00004504 ; 0.00050522 ; 0.00050494 ; 0.00004505 ; 0.00004505 ; 0.00004468 ; 0.00004469 ; 0.00050495 ; 0.00050495 ; 0.00050459 ; 0.00050460 ; 0.00004468 ; 0.00004406 ; 0.00050460 ; 0.00050398 
_Kr_FCC_222 ; FCC ; Kr ; 0 ; 8 ; 0 ; -0.00007276 ; -0.00007557 ; -0.00007557 ; -0.00007556 ; -0.00007557 ; -0.00007556 ; -0.00007555 ; -0.00007556 
_Kr_SC_222 ; SC ; Kr ; 0 ; 8 ; 0 ; 0.00038400 ; 0.00036342 ; 0.00036342 ; 0.00036365 ; 0.00036367 ; 0.00036364 ; 0.00036365 ; 0.00036369 
_K_SC_222 ; SC ; K ; 0 ; 8 ; 0 ; -0.00076346 ; -0.00079940 ; -0.00079967 ; -0.00079850 ; -0.00079898 ; -0.00079851 ; -0.00079851 ; -0.00079773 
_La_BCC_222 ; BCC ; La ; 0 ; 8 ; 0 ; -0.00019079 ; -0.00019089 ; -0.00019082 ; -0.00019047 ; -0.00019082 ; -0.00019085 ; -0.00019090 ; -0.00019083 
_La_Diamond_222 ; Diamond ; La ; 0 ; 16 ; 0 ; 0.00002769 ; 0.00002771 ; -0.00008685 ; -0.00008684 ; 0.00002771 ; 0.00002769 ; 0.00002774 ; 0.00002771 ; -0.00008684 ; -0.00008685 ; -0.00008681 ; -0.00008684 ; 0.00002774 ; 0.00002768 ; -0.00008680 ; -0.00008689 
_La_FCC_222 ; FCC ; La ; 0 ; 8 ; 0 ; 0.00004251 ; 0.00004254 ; 0.00004251 ; 0.00004262 ; 0.00004251 ; 0.00004251 ; 0.00004250 ; 0.00004248 
_La_SC_222 ; SC ; La ; 0 ; 8 ; 0 ; -0.00005021 ; -0.00005009 ; -0.00005022 ; -0.00005022 ; -0.00005022 ; -0.00005024 ; -0.00005025 ; -0.00005019 
_Li_BCC_222 ; BCC ; Li ; 0 ; 8 ; 0 ; -0.00225348 ; -0.00227630 ; -0.00227277 ; -0.00227575 ; -0.00227619 ; -0.00227621 ; -0.00227576 ; -0.00227622 
_Li_Diamond_222 ; Diamond ; Li ; 0 ; 16 ; 0 ; -0.00284962 ; -0.00285731 ; -0.00296011 ; -0.00295925 ; -0.00285740 ; -0.00285739 ; -0.00285585 ; -0.00285582 ; -0.00295572 ; -0.00295573 ; -0.00295765 ; -0.00295763 ; -0.00285590 ; -0.00285291 ; -0.00295753 ; -0.00295499 
_Li_FCC_222 ; FCC ; Li ; 0 ; 8 ; 0 ; -0.00000406 ; -0.00002470 ; -0.00002596 ; -0.00002577 ; -0.00002610 ; -0.00002609 ; -0.00002610 ; -0.00002614 
_Li_SC_222 ; SC ; Li ; 0 ; 8 ; 0 ; -0.00039044 ; -0.00045118 ; -0.00043973 ; -0.00045112 ; -0.00044638 ; -0.00045109 ; -0.00044986 ; -0.00045065 
_Lu_BCC_222 ; BCC ; Lu ; 0 ; 8 ; 0 ; -0.00158729 ; -0.00158700 ; -0.00158730 ; -0.00158734 ; -0.00158733 ; -0.00158735 ; -0.00158752 ; -0.00158655 
_Lu_Diamond_222 ; Diamond ; Lu ; 0 ; 16 ; 0 ; -0.00064876 ; -0.00064850 ; -0.00064949 ; -0.00064856 ; -0.00064852 ; -0.00064862 ; -0.00064700 ; -0.00064718 ; -0.00064796 ; -0.00064349 ; -0.00064695 ; -0.00064708 ; -0.00064733 ; -0.00064408 ; -0.00064681 ; -0.00064400 
_Lu_FCC_222 ; FCC ; Lu ; 0 ; 8 ; 0 ; -0.00031867 ; -0.00031878 ; -0.00031879 ; -0.00031881 ; -0.00031879 ; -0.00031882 ; -0.00031885 ; -0.00032042 
_Lu_SC_222 ; SC ; Lu ; 0 ; 8 ; 0 ; -0.00105758 ; -0.00105758 ; -0.00105756 ; -0.00105747 ; -0.00105756 ; -0.00105753 ; -0.00105750 ; -0.00105894 
_Mg_BCC_222 ; BCC ; Mg ; 0 ; 8 ; 0 ; -0.00097910 ; -0.00113006 ; -0.00111407 ; -0.00111407 ; -0.00113132 ; -0.00113136 ; -0.00107209 ; -0.00113277 
_Mg_Diamond_222 ; Diamond ; Mg ; 0 ; 16 ; 0 ; -0.00086216 ; -0.00088365 ; -0.00088611 ; -0.00088468 ; -0.00088364 ; -0.00088881 ; -0.00088262 ; -0.00088774 ; -0.00088537 ; -0.00074714 ; -0.00088135 ; -0.00088322 ; -0.00088775 ; -0.00088027 ; -0.00088340 ; -0.00088153 
_Mg_FCC_222 ; FCC ; Mg ; 0 ; 8 ; 0 ; 0.00098282 ; 0.00084881 ; 0.00084737 ; 0.00084757 ; 0.00084730 ; 0.00084730 ; 0.00084736 ; 0.00085251 
_Mg_SC_222 ; SC ; Mg ; 0 ; 8 ; 0 ; -0.00076285 ; -0.00092356 ; -0.00092314 ; -0.00092021 ; -0.00092314 ; -0.00092020 ; -0.00092019 ; -0.00091758 
_Mn_BCC_222 ; BCC ; Mn ; 0 ; 8 ; 0 ; -0.00226303 ; -0.00226288 ; -0.00226306 ; -0.00226313 ; -0.00226304 ; -0.00226299 ; -0.00226290 ; -0.00226336 
_Mn_Diamond_222 ; Diamond ; Mn ; 0 ; 16 ; 0 ; -0.00331611 ; -0.00331617 ; -0.00331636 ; -0.00331453 ; -0.00331613 ; -0.00331615 ; -0.00331570 ; -0.00331573 ; -0.00331605 ; -0.00331614 ; -0.00331537 ; -0.00331566 ; -0.00331574 ; -0.00331515 ; -0.00331573 ; -0.00331560 
_Mn_FCC_222 ; FCC ; Mn ; 0 ; 8 ; 0 ; -0.00121051 ; -0.00121046 ; -0.00121046 ; -0.00121048 ; -0.00121044 ; -0.00121045 ; -0.00121045 ; -0.00121030 
_Mn_SC_222 ; SC ; Mn ; 0 ; 8 ; 0 ; -0.00251281 ; -0.00251279 ; -0.00251283 ; -0.00251276 ; -0.00251280 ; -0.00251277 ; -0.00251286 ; -0.00251337 
_Mo_BCC_222 ; BCC ; Mo ; 0 ; 8 ; 0 ; -0.00152250 ; -0.00152282 ; -0.00152248 ; -0.00152249 ; -0.00152248 ; -0.00152250 ; -0.00152288 ; -0.00152346 
_Mo_Diamond_222 ; Diamond ; Mo ; 0 ; 16 ; 0 ; -0.00089633 ; -0.00090278 ; -0.00090367 ; -0.00090325 ; -0.00090344 ; -0.00090339 ; -0.00090279 ; -0.00090280 ; -0.00089022 ; -0.00089018 ; -0.00090223 ; -0.00090232 ; -0.00090334 ; -0.00090088 ; -0.00090085 ; -0.00090127 
_Mo_FCC_222 ; FCC ; Mo ; 0 ; 8 ; 0 ; -0.00087293 ; -0.00087305 ; -0.00087305 ; -0.00087304 ; -0.00087307 ; -0.00087308 ; -0.00087314 ; -0.00087256 
_Mo_SC_222 ; SC ; Mo ; 0 ; 8 ; 0 ; -0.00122775 ; -0.00122753 ; -0.00122779 ; -0.00122784 ; -0.00122776 ; -0.00122749 ; -0.00122785 ; -0.00122789 
_Na_BCC_222 ; BCC ; Na ; 0 ; 8 ; 0 ; -0.00201131 ; -0.00207178 ; -0.00206854 ; -0.00207274 ; -0.00207213 ; -0.00207218 ; -0.00207259 ; -0.00207274 
_Na_Diamond_222 ; Diamond ; Na ; 0 ; 16 ; 0 ; -0.00082359 ; -0.00087619 ; -0.00083003 ; -0.00087868 ; -0.00087620 ; -0.00087892 ; -0.00087670 ; -0.00087697 ; -0.00087865 ; -0.00086927 ; -0.00087668 ; -0.00087669 ; -0.00087705 ; -0.00087540 ; -0.00087678 ; -0.00087550 
_Na_FCC_222 ; FCC ; Na ; 0 ; 8 ; 0 ; -0.00004223 ; -0.00006852 ; -0.00003303 ; -0.00005312 ; -0.00007719 ; -0.00007729 ; -0.00007688 ; -0.00007737 
_Na_SC_222 ; SC ; Na ; 0 ; 8 ; 0 ; -0.00057420 ; -0.00063535 ; -0.00065891 ; -0.00065755 ; -0.00065795 ; -0.00065719 ; -0.00065672 ; -0.00065559 
_Nb_BCC_222 ; BCC ; Nb ; 0 ; 8 ; 0 ; -0.00054243 ; -0.00054201 ; -0.00054237 ; -0.00054247 ; -0.00054243 ; -0.00054249 ; -0.00054239 ; -0.00054308 
_N_BCC_222 ; BCC ; N ; 0 ; 8 ; 0 ; -0.00222459 ; -0.00227506 ; -0.00226847 ; -0.00227503 ; -0.00227412 ; -0.00227412 ; -0.00227383 ; -0.00227565 
_Nb_Diamond_222 ; Diamond ; Nb ; 0 ; 16 ; 0 ; 0.00083883 ; 0.00083497 ; 0.00100459 ; 0.00101627 ; 0.00083556 ; 0.00083588 ; 0.00083429 ; 0.00083453 ; 0.00100707 ; 0.00100432 ; 0.00100555 ; 0.00100382 ; 0.00083519 ; 0.00083419 ; 0.00100418 ; 0.00100292 
_Nb_FCC_222 ; FCC ; Nb ; 0 ; 8 ; 0 ; -0.00059375 ; -0.00059383 ; -0.00059383 ; -0.00059384 ; -0.00059385 ; -0.00059385 ; -0.00059376 ; -0.00059385 
_Nb_SC_222 ; SC ; Nb ; 0 ; 8 ; 0 ; -0.00177180 ; -0.00177184 ; -0.00177188 ; -0.00177187 ; -0.00177180 ; -0.00177184 ; -0.00177186 ; -0.00177169 
_Nd_BCC_222 ; BCC ; Nd ; 0 ; 8 ; 0 ; -0.00048007 ; -0.00048002 ; -0.00048005 ; -0.00048011 ; -0.00048005 ; -0.00048006 ; -0.00047998 ; -0.00048047 
_Nd_Diamond_222 ; Diamond ; Nd ; 0 ; 16 ; 0 ; 0.00009995 ; 0.00009993 ; 0.00009995 ; 0.00009994 ; 0.00009994 ; 0.00009994 ; 0.00009991 ; 0.00009994 ; 0.00009995 ; 0.00009995 ; 0.00009992 ; 0.00009999 ; 0.00009994 ; 0.00010000 ; 0.00009992 ; 0.00009998 
_Nd_FCC_222 ; FCC ; Nd ; 0 ; 8 ; 0 ; -0.00037969 ; -0.00037966 ; -0.00037966 ; -0.00037961 ; -0.00037967 ; -0.00037965 ; -0.00037968 ; -0.00037986 
_N_Diamond_222 ; Diamond ; N ; 0 ; 16 ; 0 ; -0.00032333 ; -0.00040224 ; -0.00040465 ; -0.00038820 ; -0.00040145 ; -0.00040164 ; -0.00040219 ; -0.00040246 ; -0.00040475 ; -0.00040119 ; -0.00040093 ; -0.00040096 ; -0.00040155 ; -0.00040051 ; -0.00040076 ; -0.00040092 
_Nd_SC_222 ; SC ; Nd ; 0 ; 8 ; 0 ; -0.00095697 ; -0.00095698 ; -0.00095695 ; -0.00095693 ; -0.00095697 ; -0.00095699 ; -0.00095694 ; -0.00095671 
_Ne_BCC_222 ; BCC ; Ne ; 0 ; 8 ; 0 ; -0.00400319 ; -0.00400365 ; -0.00400327 ; -0.00400326 ; -0.00400327 ; -0.00400328 ; -0.00400367 ; -0.00400287 
_Ne_Diamond_222 ; Diamond ; Ne ; 0 ; 16 ; 0 ; 0.00055591 ; 0.00055585 ; 0.00055570 ; 0.00055585 ; 0.00055586 ; 0.00055587 ; 0.00055610 ; 0.00055613 ; 0.00055586 ; 0.00055586 ; 0.00055610 ; 0.00055612 ; 0.00055609 ; 0.00055641 ; 0.00055609 ; 0.00055637 
_Ne_FCC_222 ; FCC ; Ne ; 0 ; 8 ; 0 ; -0.00299467 ; -0.00299521 ; -0.00299521 ; -0.00299522 ; -0.00299521 ; -0.00299522 ; -0.00299519 ; -0.00299486 
_Ne_SC_222 ; SC ; Ne ; 0 ; 8 ; 0 ; -0.00280605 ; -0.00280646 ; -0.00280646 ; -0.00280645 ; -0.00280645 ; -0.00280645 ; -0.00280648 ; -0.00280658 
_N_FCC_222 ; FCC ; N ; 0 ; 8 ; 0 ; -0.00047850 ; -0.00061670 ; -0.00061875 ; -0.00061887 ; -0.00061896 ; -0.00061896 ; -0.00061891 ; -0.00061518 
_Ni_BCC_222 ; BCC ; Ni ; 0 ; 8 ; 0 ; -0.00283394 ; -0.00283352 ; -0.00283389 ; -0.00283385 ; -0.00283390 ; -0.00283394 ; -0.00283355 ; -0.00283436 
_Ni_Diamond_222 ; Diamond ; Ni ; 0 ; 16 ; 0 ; 0.00196089 ; 0.00193277 ; 0.00191937 ; 0.00190893 ; 0.00191099 ; 0.00191100 ; 0.00191123 ; 0.00191124 ; 0.00193379 ; 0.00193381 ; 0.00191176 ; 0.00191179 ; 0.00191006 ; 0.00191297 ; 0.00191287 ; 0.00191252 
_Ni_FCC_222 ; FCC ; Ni ; 0 ; 8 ; 0 ; -0.00035056 ; -0.00035050 ; -0.00035050 ; -0.00035054 ; -0.00035049 ; -0.00035052 ; -0.00035060 ; -0.00034978 
_Ni_SC_222 ; SC ; Ni ; 0 ; 8 ; 0 ; -0.00108487 ; -0.00108486 ; -0.00108402 ; -0.00108395 ; -0.00108497 ; -0.00108493 ; -0.00108491 ; -0.00108391 
_Np_BCC_222 ; BCC ; Np ; 0 ; 8 ; 0 ; -0.00052003 ; -0.00052005 ; -0.00052003 ; -0.00052003 ; -0.00052003 ; -0.00052003 ; -0.00052003 ; -0.00052003 
_Np_Diamond_222 ; Diamond ; Np ; 0 ; 16 ; 0 ; -0.00070730 ; -0.00070727 ; -0.00070730 ; -0.00070728 ; -0.00070727 ; -0.00070728 ; -0.00070721 ; -0.00070720 ; -0.00070727 ; -0.00070728 ; -0.00070722 ; -0.00070723 ; -0.00070721 ; -0.00070713 ; -0.00070722 ; -0.00070718 
_Np_FCC_222 ; FCC ; Np ; 0 ; 8 ; 0 ; -0.00021512 ; -0.00021512 ; -0.00021511 ; -0.00021511 ; -0.00021512 ; -0.00021512 ; -0.00021513 ; -0.00021512 
_Np_SC_222 ; SC ; Np ; 0 ; 8 ; 0 ; -0.00143722 ; -0.00143721 ; -0.00143722 ; -0.00143724 ; -0.00143722 ; -0.00143725 ; -0.00143726 ; -0.00143707 
_N_SC_222 ; SC ; N ; 0 ; 8 ; 0 ; 0.00068352 ; 0.00049418 ; 0.00049113 ; 0.00050066 ; 0.00049081 ; 0.00050064 ; 0.00050081 ; 0.00050260 
_O_BCC_222 ; BCC ; O ; 0 ; 8 ; 0 ; 0.00175467 ; 0.00174969 ; 0.00174964 ; 0.00174949 ; 0.00174964 ; 0.00174966 ; 0.00174972 ; 0.00174871 
_O_Diamond_222 ; Diamond ; O ; 0 ; 16 ; 0 ; -0.00105356 ; -0.00109004 ; -0.00108861 ; -0.00109076 ; -0.00108997 ; -0.00109000 ; -0.00108994 ; -0.00108995 ; -0.00109141 ; -0.00109140 ; -0.00108972 ; -0.00108972 ; -0.00108990 ; -0.00108972 ; -0.00108971 ; -0.00108983 
_O_FCC_222 ; FCC ; O ; 0 ; 8 ; 0 ; 0.00044269 ; 0.00043278 ; 0.00043280 ; 0.00043277 ; 0.00043276 ; 0.00043277 ; 0.00043277 ; 0.00043277 
_Os_BCC_222 ; BCC ; Os ; 0 ; 8 ; 0 ; -0.00104909 ; -0.00104855 ; -0.00104911 ; -0.00104912 ; -0.00104911 ; -0.00104901 ; -0.00104849 ; -0.00104861 
_O_SC_222 ; SC ; O ; 0 ; 8 ; 0 ; -0.00152588 ; -0.00167391 ; -0.00167428 ; -0.00166781 ; -0.00167329 ; -0.00166783 ; -0.00166789 ; -0.00166617 
_Os_Diamond_222 ; Diamond ; Os ; 0 ; 16 ; 0 ; -0.00099537 ; -0.00099463 ; -0.00099540 ; -0.00099463 ; -0.00099465 ; -0.00099471 ; -0.00099405 ; -0.00099395 ; -0.00099466 ; -0.00099472 ; -0.00099412 ; -0.00099419 ; -0.00099410 ; -0.00099291 ; -0.00099416 ; -0.00099293 
_Os_FCC_222 ; FCC ; Os ; 0 ; 8 ; 0 ; -0.00018481 ; -0.00018480 ; -0.00018478 ; -0.00018487 ; -0.00018480 ; -0.00018480 ; -0.00018465 ; -0.00018451 
_Os_SC_222 ; SC ; Os ; 0 ; 8 ; 0 ; -0.00142287 ; -0.00142275 ; -0.00142286 ; -0.00142273 ; -0.00142286 ; -0.00142274 ; -0.00142284 ; -0.00142240 
_Pa_BCC_222 ; BCC ; Pa ; 0 ; 8 ; 0 ; -0.00015557 ; -0.00015559 ; -0.00015555 ; -0.00015554 ; -0.00015556 ; -0.00015560 ; -0.00015570 ; -0.00015568 
_Pa_Diamond_222 ; Diamond ; Pa ; 0 ; 16 ; 0 ; -0.00106024 ; -0.00105994 ; -0.00106023 ; -0.00105995 ; -0.00105993 ; -0.00105996 ; -0.00105940 ; -0.00105940 ; -0.00105994 ; -0.00105996 ; -0.00105942 ; -0.00105943 ; -0.00105940 ; -0.00105835 ; -0.00105938 ; -0.00105836 
_Pa_FCC_222 ; FCC ; Pa ; 0 ; 8 ; 0 ; -0.00009945 ; -0.00009946 ; -0.00009945 ; -0.00009945 ; -0.00009946 ; -0.00009945 ; -0.00009947 ; -0.00009929 
_Pa_SC_222 ; SC ; Pa ; 0 ; 8 ; 0 ; -0.00029477 ; -0.00029480 ; -0.00029477 ; -0.00029478 ; -0.00029478 ; -0.00029479 ; -0.00029475 ; -0.00029504 
_Pb_BCC_222 ; BCC ; Pb ; 0 ; 8 ; 0 ; -0.00165210 ; -0.00165213 ; -0.00165201 ; -0.00165203 ; -0.00165204 ; -0.00165209 ; -0.00165221 ; -0.00165139 
_P_BCC_222 ; BCC ; P ; 0 ; 8 ; 0 ; 0.00178902 ; 0.00154794 ; 0.00154851 ; 0.00155998 ; 0.00155464 ; 0.00155465 ; 0.00155654 ; 0.00154758 
_Pb_Diamond_222 ; Diamond ; Pb ; 0 ; 16 ; 0 ; -0.00114400 ; -0.00114430 ; -0.00114401 ; -0.00114426 ; -0.00114426 ; -0.00114423 ; -0.00114455 ; -0.00114447 ; -0.00114406 ; -0.00114423 ; -0.00114456 ; -0.00114482 ; -0.00114460 ; -0.00114500 ; -0.00114446 ; -0.00114500 
_Pb_FCC_222 ; FCC ; Pb ; 0 ; 8 ; 0 ; -0.00066780 ; -0.00066787 ; -0.00066789 ; -0.00066792 ; -0.00066790 ; -0.00066791 ; -0.00066795 ; -0.00066834 
_Pb_SC_222 ; SC ; Pb ; 0 ; 8 ; 0 ; -0.00185324 ; -0.00185173 ; -0.00185319 ; -0.00185318 ; -0.00185321 ; -0.00185320 ; -0.00185310 ; -0.00185341 
_Pd_BCC_222 ; BCC ; Pd ; 0 ; 8 ; 0 ; -0.00110704 ; -0.00110687 ; -0.00110703 ; -0.00110705 ; -0.00110702 ; -0.00110705 ; -0.00110712 ; -0.00110718 
_Pd_Diamond_222 ; Diamond ; Pd ; 0 ; 16 ; 0 ; -0.00020623 ; -0.00020624 ; -0.00009054 ; -0.00009051 ; -0.00020620 ; -0.00020621 ; -0.00020622 ; -0.00020619 ; -0.00009051 ; -0.00009053 ; -0.00009055 ; -0.00009057 ; -0.00020623 ; -0.00020614 ; -0.00009056 ; -0.00009060 
_Pd_FCC_222 ; FCC ; Pd ; 0 ; 8 ; 0 ; 0.00045244 ; 0.00045241 ; 0.00045240 ; 0.00045243 ; 0.00045240 ; 0.00045237 ; 0.00045237 ; 0.00045253 
_P_Diamond_222 ; Diamond ; P ; 0 ; 16 ; 0 ; -0.00225296 ; -0.00224817 ; -0.00225857 ; -0.00225912 ; -0.00232210 ; -0.00224801 ; -0.00232115 ; -0.00224723 ; -0.00171001 ; -0.00225942 ; -0.00224925 ; -0.00224087 ; -0.00232110 ; -0.00224427 ; -0.00224932 ; -0.00224729 
_Pd_SC_222 ; SC ; Pd ; 0 ; 8 ; 0 ; -0.00154317 ; -0.00154308 ; -0.00154201 ; -0.00154273 ; -0.00154311 ; -0.00154300 ; -0.00154302 ; -0.00154435 
_P_FCC_222 ; FCC ; P ; 0 ; 8 ; 0 ; 0.00073756 ; 0.00056060 ; 0.00056118 ; 0.00056050 ; 0.00056043 ; 0.00056045 ; 0.00056042 ; 0.00056734 
_Pm_BCC_222 ; BCC ; Pm ; 0 ; 8 ; 0 ; -0.00056726 ; -0.00056721 ; -0.00056723 ; -0.00056721 ; -0.00056723 ; -0.00056725 ; -0.00056719 ; -0.00056675 
_Pm_Diamond_222 ; Diamond ; Pm ; 0 ; 16 ; 0 ; 0.00039559 ; 0.00039550 ; 0.00039559 ; 0.00039547 ; 0.00039548 ; 0.00039548 ; 0.00039526 ; 0.00039517 ; 0.00039547 ; 0.00039550 ; 0.00039524 ; 0.00039532 ; 0.00039532 ; 0.00039469 ; 0.00039529 ; 0.00039478 
_Pm_FCC_222 ; FCC ; Pm ; 0 ; 8 ; 0 ; -0.00018735 ; -0.00018732 ; -0.00018733 ; -0.00018733 ; -0.00018734 ; -0.00018732 ; -0.00018730 ; -0.00018759 
_Pm_SC_222 ; SC ; Pm ; 0 ; 8 ; 0 ; -0.00130932 ; -0.00130931 ; -0.00130933 ; -0.00130934 ; -0.00130933 ; -0.00130934 ; -0.00130938 ; -0.00130980 
_Po_BCC_222 ; BCC ; Po ; 0 ; 8 ; 0 ; -0.00356511 ; -0.00356492 ; -0.00356509 ; -0.00356510 ; -0.00356510 ; -0.00356509 ; -0.00356501 ; -0.00356517 
_Po_Diamond_222 ; Diamond ; Po ; 0 ; 16 ; 0 ; 0.00001187 ; 0.00001175 ; 0.00001188 ; 0.00001176 ; 0.00001176 ; 0.00001177 ; 0.00001162 ; 0.00001162 ; 0.00001176 ; 0.00001179 ; 0.00001161 ; 0.00001152 ; 0.00001160 ; 0.00001137 ; 0.00001160 ; 0.00001135 
_Po_FCC_222 ; FCC ; Po ; 0 ; 8 ; 0 ; -0.00007159 ; -0.00007160 ; -0.00007160 ; -0.00007158 ; -0.00007160 ; -0.00007160 ; -0.00007158 ; -0.00007178 
_Po_SC_222 ; SC ; Po ; 0 ; 8 ; 0 ; -0.00220102 ; -0.00220104 ; -0.00220103 ; -0.00220101 ; -0.00220103 ; -0.00220104 ; -0.00220105 ; -0.00220109 
_Pr_BCC_222 ; BCC ; Pr ; 0 ; 8 ; 0 ; -0.00025620 ; -0.00025617 ; -0.00025614 ; -0.00025612 ; -0.00025614 ; -0.00025619 ; -0.00025613 ; -0.00025605 
_Pr_Diamond_222 ; Diamond ; Pr ; 0 ; 16 ; 0 ; -0.00038110 ; -0.00038101 ; -0.00004641 ; -0.00004629 ; -0.00038100 ; -0.00038098 ; -0.00038079 ; -0.00038081 ; -0.00004629 ; -0.00004630 ; -0.00004610 ; -0.00004621 ; -0.00038081 ; -0.00038057 ; -0.00004612 ; -0.00004592 
_Pr_FCC_222 ; FCC ; Pr ; 0 ; 8 ; 0 ; -0.00022176 ; -0.00022177 ; -0.00022178 ; -0.00022180 ; -0.00022177 ; -0.00022177 ; -0.00022182 ; -0.00022152 
_Pr_SC_222 ; SC ; Pr ; 0 ; 8 ; 0 ; -0.00068052 ; -0.00068052 ; -0.00068053 ; -0.00068054 ; -0.00068053 ; -0.00068052 ; -0.00068053 ; -0.00068057 
_P_SC_222 ; SC ; P ; 0 ; 8 ; 0 ; -0.00025452 ; -0.00030229 ; -0.00029721 ; -0.00030337 ; -0.00030618 ; -0.00030401 ; -0.00030428 ; -0.00030334 
_Pt_BCC_222 ; BCC ; Pt ; 0 ; 8 ; 0 ; -0.00094873 ; -0.00094858 ; -0.00094873 ; -0.00094879 ; -0.00094873 ; -0.00094871 ; -0.00094859 ; -0.00094884 
_Pt_Diamond_222 ; Diamond ; Pt ; 0 ; 16 ; 0 ; -0.00092066 ; -0.00092058 ; -0.00092067 ; -0.00092056 ; -0.00092059 ; -0.00092057 ; -0.00092037 ; -0.00092032 ; -0.00092061 ; -0.00092058 ; -0.00092041 ; -0.00092044 ; -0.00092039 ; -0.00092007 ; -0.00092043 ; -0.00092018 
_Pt_FCC_222 ; FCC ; Pt ; 0 ; 8 ; 0 ; -0.00066032 ; -0.00066025 ; -0.00066025 ; -0.00066021 ; -0.00066026 ; -0.00066025 ; -0.00066017 ; -0.00066014 
_Pt_SC_222 ; SC ; Pt ; 0 ; 8 ; 0 ; -0.00068402 ; -0.00068400 ; -0.00068403 ; -0.00068399 ; -0.00068402 ; -0.00068399 ; -0.00068402 ; -0.00068375 
_Pu_BCC_222 ; BCC ; Pu ; 0 ; 8 ; 0 ; -0.00049442 ; -0.00049446 ; -0.00049435 ; -0.00049437 ; -0.00049434 ; -0.00049442 ; -0.00049445 ; -0.00049435 
_Pu_Diamond_222 ; Diamond ; Pu ; 0 ; 16 ; 0 ; -0.00101103 ; -0.00101074 ; -0.00101103 ; -0.00101073 ; -0.00101072 ; -0.00101074 ; -0.00101035 ; -0.00101023 ; -0.00101070 ; -0.00101070 ; -0.00101032 ; -0.00101014 ; -0.00101033 ; -0.00100919 ; -0.00101036 ; -0.00100920 
_Pu_FCC_222 ; FCC ; Pu ; 0 ; 8 ; 0 ; 0.00053951 ; 0.00053946 ; 0.00053946 ; 0.00053946 ; 0.00053946 ; 0.00053946 ; 0.00053944 ; 0.00053996 
_Pu_SC_222 ; SC ; Pu ; 0 ; 8 ; 0 ; -0.00125164 ; -0.00125161 ; -0.00125168 ; -0.00125170 ; -0.00125167 ; -0.00125173 ; -0.00125181 ; -0.00125188 
_Ra_BCC_222 ; BCC ; Ra ; 0 ; 8 ; 0 ; 0.00017455 ; 0.00017446 ; 0.00017452 ; 0.00017455 ; 0.00017451 ; 0.00017453 ; 0.00017451 ; 0.00017451 
_Ra_Diamond_222 ; Diamond ; Ra ; 0 ; 16 ; 0 ; 0.00080558 ; 0.00079533 ; -0.00129335 ; -0.00126817 ; 0.00078393 ; 0.00080130 ; 0.00078072 ; 0.00079807 ; -0.00119129 ; -0.00128879 ; -0.00125757 ; -0.00127389 ; 0.00078669 ; 0.00079773 ; -0.00127609 ; -0.00126870 
_Ra_FCC_222 ; FCC ; Ra ; 0 ; 8 ; 0 ; -0.00003537 ; -0.00003074 ; -0.00003074 ; -0.00003612 ; -0.00003652 ; -0.00003659 ; -0.00003658 ; -0.00003661 
_Ra_SC_222 ; SC ; Ra ; 0 ; 8 ; 0 ; -0.00056033 ; -0.00056034 ; -0.00056035 ; -0.00056035 ; -0.00056035 ; -0.00056035 ; -0.00056034 ; -0.00056039 
_Rb_BCC_222 ; BCC ; Rb ; 0 ; 8 ; 0 ; -0.00027446 ; -0.00032567 ; -0.00032601 ; -0.00032604 ; -0.00032514 ; -0.00032514 ; -0.00032484 ; -0.00032599 
_Rb_Diamond_222 ; Diamond ; Rb ; 0 ; 16 ; 0 ; -0.00070210 ; -0.00071945 ; -0.00071804 ; -0.00066603 ; -0.00071655 ; -0.00071620 ; -0.00071501 ; -0.00071500 ; -0.00071780 ; -0.00071790 ; -0.00071252 ; -0.00071252 ; -0.00071225 ; -0.00070462 ; -0.00071171 ; -0.00070522 
_Rb_FCC_222 ; FCC ; Rb ; 0 ; 8 ; 0 ; -0.00022320 ; -0.00025754 ; -0.00025748 ; -0.00025663 ; -0.00025754 ; -0.00025756 ; -0.00025756 ; -0.00025662 
_Rb_SC_222 ; SC ; Rb ; 0 ; 8 ; 0 ; -0.00083894 ; -0.00084700 ; -0.00078011 ; -0.00084909 ; -0.00084658 ; -0.00084533 ; -0.00084764 ; -0.00084670 
_Re_BCC_222 ; BCC ; Re ; 0 ; 8 ; 0 ; -0.00128230 ; -0.00128216 ; -0.00128227 ; -0.00128225 ; -0.00128224 ; -0.00128232 ; -0.00128213 ; -0.00128223 
_Re_Diamond_222 ; Diamond ; Re ; 0 ; 16 ; 0 ; -0.00052073 ; -0.00052048 ; -0.00052074 ; -0.00052049 ; -0.00052045 ; -0.00052052 ; -0.00051999 ; -0.00051992 ; -0.00052046 ; -0.00052051 ; -0.00051998 ; -0.00051999 ; -0.00052006 ; -0.00051944 ; -0.00052004 ; -0.00051971 
_Re_FCC_222 ; FCC ; Re ; 0 ; 8 ; 0 ; -0.00023346 ; -0.00023343 ; -0.00023344 ; -0.00023345 ; -0.00023344 ; -0.00023346 ; -0.00023345 ; -0.00023349 
_Re_SC_222 ; SC ; Re ; 0 ; 8 ; 0 ; -0.00122106 ; -0.00122111 ; -0.00122106 ; -0.00122110 ; -0.00122108 ; -0.00122111 ; -0.00122110 ; -0.00122063 
_Rh_BCC_222 ; BCC ; Rh ; 0 ; 8 ; 0 ; -0.00150136 ; -0.00150122 ; -0.00150136 ; -0.00150148 ; -0.00150139 ; -0.00150143 ; -0.00150140 ; -0.00150238 
_Rh_Diamond_222 ; Diamond ; Rh ; 0 ; 16 ; 0 ; 0.00098495 ; 0.00098485 ; 0.00098496 ; 0.00098486 ; 0.00098481 ; 0.00098485 ; 0.00098456 ; 0.00098451 ; 0.00098480 ; 0.00098483 ; 0.00098456 ; 0.00098419 ; 0.00098458 ; 0.00098353 ; 0.00098457 ; 0.00098352 
_Rh_FCC_222 ; FCC ; Rh ; 0 ; 8 ; 0 ; 0.00037978 ; 0.00037978 ; 0.00037976 ; 0.00037974 ; 0.00037974 ; 0.00037973 ; 0.00037973 ; 0.00037941 
_Rh_SC_222 ; SC ; Rh ; 0 ; 8 ; 0 ; -0.00118976 ; -0.00118979 ; -0.00118980 ; -0.00118977 ; -0.00118981 ; -0.00118977 ; -0.00118981 ; -0.00118996 
_Rn_BCC_222 ; BCC ; Rn ; 0 ; 8 ; 0 ; -0.00188404 ; -0.00190906 ; -0.00190892 ; -0.00190891 ; -0.00190863 ; -0.00190863 ; -0.00190872 ; -0.00190873 
_Rn_Diamond_222 ; Diamond ; Rn ; 0 ; 16 ; 0 ; 0.00079058 ; 0.00078073 ; 0.00078082 ; 0.00081049 ; 0.00078101 ; 0.00078102 ; 0.00078079 ; 0.00078083 ; 0.00078091 ; 0.00078093 ; 0.00078107 ; 0.00078108 ; 0.00078106 ; 0.00078132 ; 0.00078108 ; 0.00078127 
_Rn_FCC_222 ; FCC ; Rn ; 0 ; 8 ; 0 ; 0.00080610 ; 0.00077794 ; 0.00077794 ; 0.00077794 ; 0.00077794 ; 0.00077794 ; 0.00077796 ; 0.00077844 
_Rn_SC_222 ; SC ; Rn ; 0 ; 8 ; 0 ; -0.00214909 ; -0.00219513 ; -0.00219510 ; -0.00219383 ; -0.00219511 ; -0.00219384 ; -0.00219390 ; -0.00219335 
_Ru_BCC_222 ; BCC ; Ru ; 0 ; 8 ; 0 ; -0.00116388 ; -0.00116384 ; -0.00116387 ; -0.00116381 ; -0.00116385 ; -0.00116389 ; -0.00116388 ; -0.00116448 
_Ru_Diamond_222 ; Diamond ; Ru ; 0 ; 16 ; 0 ; -0.00002138 ; -0.00002090 ; -0.00002133 ; -0.00002158 ; -0.00002159 ; -0.00002161 ; -0.00002184 ; -0.00002195 ; -0.00002156 ; -0.00002161 ; -0.00002184 ; -0.00002196 ; -0.00002183 ; -0.00002268 ; -0.00002184 ; -0.00002267 
_Ru_FCC_222 ; FCC ; Ru ; 0 ; 8 ; 0 ; -0.00108298 ; -0.00108301 ; -0.00108303 ; -0.00108308 ; -0.00108301 ; -0.00108300 ; -0.00108299 ; -0.00108226 
_Ru_SC_222 ; SC ; Ru ; 0 ; 8 ; 0 ; -0.00183046 ; -0.00182793 ; -0.00183042 ; -0.00183057 ; -0.00183043 ; -0.00183048 ; -0.00183039 ; -0.00183074 
_Sb_BCC_222 ; BCC ; Sb ; 0 ; 8 ; 0 ; -0.00217704 ; -0.00217823 ; -0.00217827 ; -0.00217835 ; -0.00217824 ; -0.00217813 ; -0.00217817 ; -0.00217866 
_S_BCC_222 ; BCC ; S ; 0 ; 8 ; 0 ; 0.00029045 ; 0.00015700 ; 0.00016178 ; 0.00015700 ; 0.00016096 ; 0.00016095 ; 0.00016094 ; 0.00015679 
_Sb_Diamond_222 ; Diamond ; Sb ; 0 ; 16 ; 0 ; 0.00292629 ; 0.00292610 ; 0.00292635 ; 0.00292610 ; 0.00292610 ; 0.00292607 ; 0.00292561 ; 0.00292559 ; 0.00292609 ; 0.00292733 ; 0.00292560 ; 0.00292564 ; 0.00292556 ; 0.00292493 ; 0.00292561 ; 0.00292497 
_Sb_FCC_222 ; FCC ; Sb ; 0 ; 8 ; 0 ; 0.00177056 ; 0.00177021 ; 0.00177020 ; 0.00177025 ; 0.00177019 ; 0.00177020 ; 0.00177026 ; 0.00177033 
_Sb_SC_222 ; SC ; Sb ; 0 ; 8 ; 0 ; -0.00224725 ; -0.00225038 ; -0.00225037 ; -0.00225020 ; -0.00225028 ; -0.00225025 ; -0.00225028 ; -0.00224956 
_Sc_BCC_222 ; BCC ; Sc ; 0 ; 8 ; 0 ; -0.00070454 ; -0.00070350 ; -0.00070452 ; -0.00070451 ; -0.00070448 ; -0.00070443 ; -0.00070391 ; -0.00070267 
_Sc_Diamond_222 ; Diamond ; Sc ; 0 ; 16 ; 0 ; -0.00001437 ; -0.00001432 ; -0.00001437 ; -0.00001431 ; -0.00001431 ; -0.00001429 ; -0.00001420 ; -0.00001416 ; -0.00001431 ; -0.00001430 ; -0.00001419 ; -0.00001414 ; -0.00001420 ; -0.00001391 ; -0.00001422 ; -0.00001392 
_Sc_FCC_222 ; FCC ; Sc ; 0 ; 8 ; 0 ; 0.00039157 ; 0.00035923 ; 0.00035919 ; 0.00035940 ; 0.00035916 ; 0.00035916 ; 0.00035913 ; 0.00036025 
_Sc_SC_222 ; SC ; Sc ; 0 ; 8 ; 0 ; -0.00006394 ; -0.00002281 ; -0.00006535 ; -0.00006499 ; -0.00006540 ; -0.00006520 ; -0.00006547 ; -0.00006575 
_S_Diamond_222 ; Diamond ; S ; 0 ; 16 ; 0 ; 0.00175402 ; 0.00163091 ; 0.00173386 ; 0.00163061 ; 0.00163064 ; 0.00163828 ; 0.00163601 ; 0.00163615 ; 0.00163328 ; 0.00162938 ; 0.00163627 ; 0.00163580 ; 0.00163603 ; 0.00163617 ; 0.00163587 ; 0.00163611 
_Se_BCC_222 ; BCC ; Se ; 0 ; 8 ; 0 ; -0.00100637 ; -0.00112244 ; -0.00112236 ; -0.00112007 ; -0.00111930 ; -0.00111935 ; -0.00111943 ; -0.00112251 
_Se_Diamond_222 ; Diamond ; Se ; 0 ; 16 ; 0 ; -0.00034395 ; -0.00040788 ; -0.00041190 ; -0.00041153 ; -0.00040836 ; -0.00041307 ; -0.00040829 ; -0.00041312 ; -0.00040584 ; -0.00032491 ; -0.00040715 ; -0.00040796 ; -0.00041343 ; -0.00040808 ; -0.00040580 ; -0.00040915 
_Se_FCC_222 ; FCC ; Se ; 0 ; 8 ; 0 ; 0.00059217 ; 0.00049504 ; 0.00049504 ; 0.00049513 ; 0.00049503 ; 0.00049504 ; 0.00049510 ; 0.00049910 
_Se_SC_222 ; SC ; Se ; 0 ; 8 ; 0 ; -0.00025011 ; -0.00034875 ; -0.00034883 ; -0.00034338 ; -0.00034505 ; -0.00034365 ; -0.00034363 ; -0.00034226 
_S_FCC_222 ; FCC ; S ; 0 ; 8 ; 0 ; 0.00045669 ; 0.00036239 ; 0.00036238 ; 0.00036245 ; 0.00036237 ; 0.00036237 ; 0.00036239 ; 0.00036615 
_Si_BCC_222 ; BCC ; Si ; 0 ; 8 ; 0 ; -0.00266499 ; -0.00266492 ; -0.00266500 ; -0.00266501 ; -0.00266498 ; -0.00266498 ; -0.00266495 ; -0.00266518 
_Si_Diamond_222 ; Diamond ; Si ; 0 ; 16 ; 0 ; 0.00017572 ; 0.00013077 ; 0.00012948 ; 0.00014347 ; 0.00013171 ; 0.00013076 ; 0.00013028 ; 0.00012939 ; 0.00012915 ; 0.00014351 ; 0.00013143 ; 0.00013127 ; 0.00013025 ; 0.00013045 ; 0.00013143 ; 0.00012994 
_Si_FCC_222 ; FCC ; Si ; 0 ; 8 ; 0 ; 0.00014853 ; 0.00014855 ; 0.00014855 ; 0.00014858 ; 0.00014856 ; 0.00014857 ; 0.00014855 ; 0.00014859 
_Si_SC_222 ; SC ; Si ; 0 ; 8 ; 0 ; -0.00108967 ; -0.00108970 ; -0.00108969 ; -0.00108972 ; -0.00108968 ; -0.00108970 ; -0.00108971 ; -0.00108962 
_Sm_BCC_222 ; BCC ; Sm ; 0 ; 8 ; 0 ; -0.00135772 ; -0.00135763 ; -0.00135778 ; -0.00135779 ; -0.00135778 ; -0.00135773 ; -0.00135757 ; -0.00135802 
_Sm_Diamond_222 ; Diamond ; Sm ; 0 ; 16 ; 0 ; 0.00017913 ; 0.00017910 ; 0.00017913 ; 0.00017907 ; 0.00017910 ; 0.00017900 ; 0.00017903 ; 0.00017897 ; 0.00017907 ; 0.00017900 ; 0.00017905 ; 0.00017908 ; 0.00017906 ; 0.00017854 ; 0.00017910 ; 0.00017861 
_Sm_FCC_222 ; FCC ; Sm ; 0 ; 8 ; 0 ; -0.00057611 ; -0.00057609 ; -0.00057608 ; -0.00057605 ; -0.00057608 ; -0.00057608 ; -0.00057610 ; -0.00057615 
_Sm_SC_222 ; SC ; Sm ; 0 ; 8 ; 0 ; -0.00144656 ; -0.00144658 ; -0.00144657 ; -0.00144660 ; -0.00144656 ; -0.00144661 ; -0.00144662 ; -0.00144745 
_Sn_BCC_222 ; BCC ; Sn ; 0 ; 8 ; 0 ; -0.00144375 ; -0.00144533 ; -0.00144525 ; -0.00144521 ; -0.00144524 ; -0.00144523 ; -0.00144526 ; -0.00144514 
_Sn_Diamond_222 ; Diamond ; Sn ; 0 ; 16 ; 0 ; 0.00636689 ; 0.00636292 ; -0.00735235 ; -0.00735153 ; 0.00637895 ; 0.00636324 ; 0.00636428 ; 0.00636262 ; -0.00735897 ; -0.00735280 ; -0.00735728 ; -0.00735175 ; 0.00636453 ; 0.00636531 ; -0.00735741 ; -0.00735042 
_Sn_FCC_222 ; FCC ; Sn ; 0 ; 8 ; 0 ; 0.00140447 ; 0.00140400 ; 0.00140398 ; 0.00140405 ; 0.00140397 ; 0.00140397 ; 0.00140404 ; 0.00140423 
_Sn_SC_222 ; SC ; Sn ; 0 ; 8 ; 0 ; -0.00138042 ; -0.00136094 ; -0.00138246 ; -0.00138333 ; -0.00138244 ; -0.00138325 ; -0.00138198 ; -0.00138195 
_Sr_BCC_222 ; BCC ; Sr ; 0 ; 8 ; 0 ; -0.00000712 ; 0.00000256 ; -0.00000801 ; -0.00000845 ; -0.00000851 ; -0.00000861 ; -0.00000616 ; -0.00000853 
_Sr_Diamond_222 ; Diamond ; Sr ; 0 ; 16 ; 0 ; 0.00098902 ; 0.00093740 ; 0.00094118 ; 0.00100270 ; 0.00094200 ; 0.00094116 ; 0.00093543 ; 0.00093513 ; 0.00093827 ; 0.00094349 ; 0.00093941 ; 0.00093946 ; 0.00093918 ; 0.00093563 ; 0.00093979 ; 0.00093523 
_Sr_FCC_222 ; FCC ; Sr ; 0 ; 8 ; 0 ; 0.00023395 ; 0.00023167 ; 0.00023167 ; 0.00023169 ; 0.00023167 ; 0.00023168 ; 0.00023168 ; 0.00023136 
_Sr_SC_222 ; SC ; Sr ; 0 ; 8 ; 0 ; -0.00025135 ; -0.00026743 ; -0.00026735 ; -0.00026587 ; -0.00021060 ; -0.00026847 ; -0.00026827 ; -0.00026669 
_S_SC_222 ; SC ; S ; 0 ; 8 ; 0 ; -0.00001904 ; -0.00006114 ; -0.00007226 ; -0.00007364 ; -0.00007456 ; -0.00007459 ; -0.00007462 ; -0.00007476 
_Ta_BCC_222 ; BCC ; Ta ; 0 ; 8 ; 0 ; -0.00042687 ; -0.00042685 ; -0.00042693 ; -0.00042691 ; -0.00042692 ; -0.00042689 ; -0.00042679 ; -0.00042679 
_Ta_Diamond_222 ; Diamond ; Ta ; 0 ; 16 ; 0 ; -0.00080001 ; -0.00079971 ; -0.00102734 ; -0.00102708 ; -0.00079971 ; -0.00079969 ; -0.00079908 ; -0.00079902 ; -0.00102704 ; -0.00102704 ; -0.00102641 ; -0.00102643 ; -0.00079912 ; -0.00079821 ; -0.00102644 ; -0.00102546 
_Ta_FCC_222 ; FCC ; Ta ; 0 ; 8 ; 0 ; -0.00032701 ; -0.00032698 ; -0.00032696 ; -0.00032697 ; -0.00032698 ; -0.00032698 ; -0.00032695 ; -0.00032705 
_Ta_SC_222 ; SC ; Ta ; 0 ; 8 ; 0 ; -0.00090711 ; -0.00090707 ; -0.00090713 ; -0.00090710 ; -0.00090713 ; -0.00090711 ; -0.00090714 ; -0.00090696 
_Tb_BCC_222 ; BCC ; Tb ; 0 ; 8 ; 0 ; -0.00185274 ; -0.00185280 ; -0.00185279 ; -0.00185279 ; -0.00185277 ; -0.00185282 ; -0.00185276 ; -0.00185369 
_Tb_Diamond_222 ; Diamond ; Tb ; 0 ; 16 ; 0 ; -0.00097736 ; -0.00097687 ; -0.00097736 ; -0.00097694 ; -0.00097690 ; -0.00097692 ; -0.00097637 ; -0.00097638 ; -0.00097690 ; -0.00097694 ; -0.00097633 ; -0.00097643 ; -0.00097632 ; -0.00097554 ; -0.00097630 ; -0.00097566 
_Tb_FCC_222 ; FCC ; Tb ; 0 ; 8 ; 0 ; -0.00024959 ; -0.00024841 ; -0.00024981 ; -0.00024962 ; -0.00024983 ; -0.00024982 ; -0.00024984 ; -0.00024991 
_Tb_SC_222 ; SC ; Tb ; 0 ; 8 ; 0 ; -0.00130855 ; -0.00130858 ; -0.00130857 ; -0.00130856 ; -0.00130858 ; -0.00130861 ; -0.00130861 ; -0.00130875 
_Tc_BCC_222 ; BCC ; Tc ; 0 ; 8 ; 0 ; -0.00120381 ; -0.00120360 ; -0.00120384 ; -0.00120391 ; -0.00120388 ; -0.00120390 ; -0.00120390 ; -0.00120525 
_Tc_Diamond_222 ; Diamond ; Tc ; 0 ; 16 ; 0 ; 0.00099684 ; 0.00099664 ; 0.00099683 ; 0.00099664 ; 0.00099662 ; 0.00099658 ; 0.00099627 ; 0.00099620 ; 0.00099662 ; 0.00099658 ; 0.00099624 ; 0.00099610 ; 0.00099628 ; 0.00099516 ; 0.00099629 ; 0.00099505 
_Tc_FCC_222 ; FCC ; Tc ; 0 ; 8 ; 0 ; -0.00013419 ; -0.00013420 ; -0.00013422 ; -0.00013426 ; -0.00013426 ; -0.00013426 ; -0.00013423 ; -0.00013413 
_Tc_SC_222 ; SC ; Tc ; 0 ; 8 ; 0 ; -0.00120338 ; -0.00120339 ; -0.00120342 ; -0.00120338 ; -0.00120343 ; -0.00120337 ; -0.00120341 ; -0.00120367 
_Te_BCC_222 ; BCC ; Te ; 0 ; 8 ; 0 ; -0.00368609 ; -0.00369223 ; -0.00369217 ; -0.00369215 ; -0.00369203 ; -0.00369211 ; -0.00369203 ; -0.00369177 
_Te_Diamond_222 ; Diamond ; Te ; 0 ; 16 ; 0 ; 0.00071365 ; 0.00069079 ; 0.00069393 ; 0.00069032 ; 0.00068968 ; 0.00069737 ; 0.00069030 ; 0.00069148 ; 0.00071043 ; 0.00068940 ; 0.00069147 ; 0.00069126 ; 0.00069029 ; 0.00069241 ; 0.00069110 ; 0.00069233 
_Te_FCC_222 ; FCC ; Te ; 0 ; 8 ; 0 ; -0.00039783 ; -0.00039966 ; -0.00039970 ; -0.00039949 ; -0.00039970 ; -0.00039972 ; -0.00039981 ; -0.00040053 
_Te_SC_222 ; SC ; Te ; 0 ; 8 ; 0 ; -0.00042831 ; -0.00043005 ; -0.00035687 ; -0.00043406 ; -0.00043002 ; -0.00042837 ; -0.00043400 ; -0.00043093 
_Th_BCC_222 ; BCC ; Th ; 0 ; 8 ; 0 ; 0.00012214 ; 0.00012215 ; 0.00012213 ; 0.00012211 ; 0.00012214 ; 0.00012214 ; 0.00012218 ; 0.00012190 
_Th_Diamond_222 ; Diamond ; Th ; 0 ; 16 ; 0 ; -0.00065594 ; -0.00065526 ; -0.00065600 ; -0.00065499 ; -0.00065523 ; -0.00065525 ; -0.00065422 ; -0.00065415 ; -0.00065524 ; -0.00065517 ; -0.00065419 ; -0.00065385 ; -0.00065423 ; -0.00065222 ; -0.00065422 ; -0.00065216 
_Th_FCC_222 ; FCC ; Th ; 0 ; 8 ; 0 ; -0.00019700 ; -0.00019706 ; -0.00019706 ; -0.00019709 ; -0.00019707 ; -0.00019708 ; -0.00019703 ; -0.00019689 
_Th_SC_222 ; SC ; Th ; 0 ; 8 ; 0 ; -0.00041722 ; -0.00041717 ; -0.00041719 ; -0.00041675 ; -0.00041723 ; -0.00041721 ; -0.00041722 ; -0.00041725 
_Ti_BCC_222 ; BCC ; Ti ; 0 ; 8 ; 0 ; -0.00159647 ; -0.00159819 ; -0.00159842 ; -0.00159824 ; -0.00159840 ; -0.00159839 ; -0.00159824 ; -0.00159811 
_Ti_Diamond_222 ; Diamond ; Ti ; 0 ; 16 ; 0 ; -0.00317120 ; -0.00317032 ; -0.00317119 ; -0.00317034 ; -0.00317037 ; -0.00317033 ; -0.00316902 ; -0.00316893 ; -0.00316804 ; -0.00317034 ; -0.00316898 ; -0.00316900 ; -0.00316905 ; -0.00316682 ; -0.00316901 ; -0.00316701 
_Ti_FCC_222 ; FCC ; Ti ; 0 ; 8 ; 0 ; -0.00068409 ; -0.00068413 ; -0.00068440 ; -0.00068433 ; -0.00068443 ; -0.00068441 ; -0.00068438 ; -0.00068424 
_Ti_SC_222 ; SC ; Ti ; 0 ; 8 ; 0 ; -0.00148647 ; -0.00148903 ; -0.00149318 ; -0.00149315 ; -0.00149311 ; -0.00149311 ; -0.00149304 ; -0.00149262 
_Tl_BCC_222 ; BCC ; Tl ; 0 ; 8 ; 0 ; -0.00165574 ; -0.00165580 ; -0.00165562 ; -0.00165565 ; -0.00165570 ; -0.00165581 ; -0.00165580 ; -0.00165582 
_Tl_Diamond_222 ; Diamond ; Tl ; 0 ; 16 ; 0 ; -0.00102460 ; -0.00102442 ; -0.00102461 ; -0.00102441 ; -0.00102442 ; -0.00102446 ; -0.00102413 ; -0.00102428 ; -0.00102442 ; -0.00102446 ; -0.00102412 ; -0.00102430 ; -0.00102407 ; -0.00102415 ; -0.00102409 ; -0.00102405 
_Tl_FCC_222 ; FCC ; Tl ; 0 ; 8 ; 0 ; 0.00001638 ; 0.00001641 ; 0.00001642 ; 0.00001644 ; 0.00001641 ; 0.00001642 ; 0.00001641 ; 0.00001590 
_Tl_SC_222 ; SC ; Tl ; 0 ; 8 ; 0 ; -0.00151378 ; -0.00151366 ; -0.00151378 ; -0.00151376 ; -0.00151377 ; -0.00151379 ; -0.00151379 ; -0.00151434 
_Tm_BCC_222 ; BCC ; Tm ; 0 ; 8 ; 0 ; -0.00078129 ; -0.00078138 ; -0.00078143 ; -0.00078144 ; -0.00078144 ; -0.00078140 ; -0.00078132 ; -0.00078178 
_Tm_Diamond_222 ; Diamond ; Tm ; 0 ; 16 ; 0 ; -0.00037725 ; -0.00040066 ; -0.00040133 ; -0.00039523 ; -0.00040047 ; -0.00040063 ; -0.00040029 ; -0.00040043 ; -0.00039904 ; -0.00039524 ; -0.00039908 ; -0.00039786 ; -0.00040026 ; -0.00039906 ; -0.00039905 ; -0.00039919 
_Tm_FCC_222 ; FCC ; Tm ; 0 ; 8 ; 0 ; 0.00051954 ; 0.00051826 ; 0.00051973 ; 0.00052415 ; 0.00051844 ; 0.00051829 ; 0.00051831 ; 0.00051787 
_Tm_SC_222 ; SC ; Tm ; 0 ; 8 ; 0 ; -0.00186868 ; -0.00187056 ; -0.00186650 ; -0.00187057 ; -0.00187056 ; -0.00187052 ; -0.00187060 ; -0.00187068 
_U_BCC_222 ; BCC ; U ; 0 ; 8 ; 0 ; -0.00034029 ; -0.00033955 ; -0.00033904 ; -0.00033931 ; -0.00033922 ; -0.00033955 ; -0.00034003 ; -0.00034646 
_U_Diamond_222 ; Diamond ; U ; 0 ; 16 ; 0 ; 0.00007057 ; 0.00007043 ; 0.00042429 ; 0.00042417 ; 0.00007044 ; 0.00007045 ; 0.00007028 ; 0.00007029 ; 0.00042417 ; 0.00042413 ; 0.00042401 ; 0.00042400 ; 0.00007027 ; 0.00007011 ; 0.00042395 ; 0.00042378 
_U_FCC_222 ; FCC ; U ; 0 ; 8 ; 0 ; -0.00056208 ; -0.00056228 ; -0.00056232 ; -0.00056224 ; -0.00056224 ; -0.00056210 ; -0.00056239 ; -0.00055801 
_U_SC_222 ; SC ; U ; 0 ; 8 ; 0 ; -0.00139286 ; -0.00139299 ; -0.00139355 ; -0.00139368 ; -0.00139332 ; -0.00139397 ; -0.00139325 ; -0.00139575 
_V_BCC_222 ; BCC ; V ; 0 ; 8 ; 0 ; -0.00123225 ; -0.00123193 ; -0.00123236 ; -0.00123211 ; -0.00123233 ; -0.00123236 ; -0.00123192 ; -0.00123137 
_V_Diamond_222 ; Diamond ; V ; 0 ; 16 ; 0 ; -0.00137838 ; -0.00137836 ; -0.00137852 ; -0.00137842 ; -0.00137831 ; -0.00137836 ; -0.00137808 ; -0.00137806 ; -0.00137843 ; -0.00136943 ; -0.00137800 ; -0.00137824 ; -0.00137805 ; -0.00137737 ; -0.00137820 ; -0.00137746 
_V_FCC_222 ; FCC ; V ; 0 ; 8 ; 0 ; -0.00032147 ; -0.00030985 ; -0.00032136 ; -0.00032139 ; -0.00032138 ; -0.00032138 ; -0.00032157 ; -0.00032113 
_V_SC_222 ; SC ; V ; 0 ; 8 ; 0 ; -0.00086818 ; -0.00086926 ; -0.00086824 ; -0.00086928 ; -0.00086367 ; -0.00086893 ; -0.00086410 ; -0.00086894 
_W_BCC_222 ; BCC ; W ; 0 ; 8 ; 0 ; -0.00069736 ; -0.00069725 ; -0.00069737 ; -0.00069735 ; -0.00069736 ; -0.00069732 ; -0.00069711 ; -0.00069702 
_W_Diamond_222 ; Diamond ; W ; 0 ; 16 ; 0 ; -0.00046338 ; -0.00046335 ; -0.00004108 ; -0.00004098 ; -0.00046334 ; -0.00046333 ; -0.00046323 ; -0.00046324 ; -0.00004107 ; -0.00004110 ; -0.00004096 ; -0.00004088 ; -0.00046325 ; -0.00046298 ; -0.00004099 ; -0.00004062 
_W_FCC_222 ; FCC ; W ; 0 ; 8 ; 0 ; 0.00036630 ; 0.00036632 ; 0.00036634 ; 0.00036630 ; 0.00036634 ; 0.00036635 ; 0.00036644 ; 0.00036637 
_W_SC_222 ; SC ; W ; 0 ; 8 ; 0 ; -0.00112910 ; -0.00112909 ; -0.00112911 ; -0.00112908 ; -0.00112910 ; -0.00112906 ; -0.00112910 ; -0.00112921 
_Xe_BCC_222 ; BCC ; Xe ; 0 ; 8 ; 0 ; -0.00082442 ; -0.00083706 ; -0.00083737 ; -0.00083726 ; -0.00083731 ; -0.00083717 ; -0.00083691 ; -0.00083740 
_Xe_Diamond_222 ; Diamond ; Xe ; 0 ; 16 ; 0 ; 0.00081300 ; 0.00081008 ; 0.00081016 ; 0.00081009 ; 0.00081010 ; 0.00081012 ; 0.00081005 ; 0.00081006 ; 0.00081008 ; 0.00081010 ; 0.00081004 ; 0.00081006 ; 0.00081004 ; 0.00081003 ; 0.00081004 ; 0.00080997 
_Xe_FCC_222 ; FCC ; Xe ; 0 ; 8 ; 0 ; 0.00178502 ; 0.00175986 ; 0.00175986 ; 0.00175982 ; 0.00175986 ; 0.00175986 ; 0.00175989 ; 0.00175978 
_Xe_SC_222 ; SC ; Xe ; 0 ; 8 ; 0 ; -0.00290317 ; -0.00296200 ; -0.00296196 ; -0.00296107 ; -0.00296191 ; -0.00296110 ; -0.00296109 ; -0.00296079 
_Yb_BCC_222 ; BCC ; Yb ; 0 ; 8 ; 0 ; -0.00083378 ; -0.00083393 ; -0.00083396 ; -0.00083401 ; -0.00083398 ; -0.00083395 ; -0.00083383 ; -0.00083432 
_Y_BCC_222 ; BCC ; Y ; 0 ; 8 ; 0 ; 0.00013659 ; 0.00013636 ; 0.00014111 ; 0.00013523 ; 0.00013532 ; 0.00013508 ; 0.00013504 ; 0.00013538 
_Yb_Diamond_222 ; Diamond ; Yb ; 0 ; 16 ; 0 ; -0.00048866 ; -0.00051691 ; -0.00051801 ; -0.00051057 ; -0.00051662 ; -0.00051688 ; -0.00051644 ; -0.00051669 ; -0.00051517 ; -0.00051058 ; -0.00051484 ; -0.00051340 ; -0.00051641 ; -0.00051472 ; -0.00051478 ; -0.00051505 
_Yb_FCC_222 ; FCC ; Yb ; 0 ; 8 ; 0 ; 0.00029539 ; 0.00029374 ; 0.00029379 ; 0.00029367 ; 0.00029375 ; 0.00029376 ; 0.00029378 ; 0.00029367 
_Yb_SC_222 ; SC ; Yb ; 0 ; 8 ; 0 ; -0.00227472 ; -0.00227828 ; -0.00227084 ; -0.00227828 ; -0.00227839 ; -0.00227817 ; -0.00227842 ; -0.00227869 
_Y_Diamond_222 ; Diamond ; Y ; 0 ; 16 ; 0 ; -0.00119680 ; -0.00119594 ; -0.00119717 ; -0.00119594 ; -0.00119602 ; -0.00119593 ; -0.00119427 ; -0.00119412 ; -0.00119368 ; -0.00119589 ; -0.00119412 ; -0.00119409 ; -0.00119427 ; -0.00119112 ; -0.00119377 ; -0.00119114 
_Y_FCC_222 ; FCC ; Y ; 0 ; 8 ; 0 ; -0.00003440 ; -0.00003460 ; -0.00003451 ; -0.00003461 ; -0.00003462 ; -0.00003463 ; -0.00003463 ; -0.00003452 
_Y_SC_222 ; SC ; Y ; 0 ; 8 ; 0 ; -0.00096016 ; -0.00096070 ; -0.00096089 ; -0.00096091 ; -0.00096090 ; -0.00096090 ; -0.00096089 ; -0.00096097 
_Zn_BCC_222 ; BCC ; Zn ; 0 ; 8 ; 0 ; -0.00404111 ; -0.00404076 ; -0.00404172 ; -0.00404158 ; -0.00404171 ; -0.00404149 ; -0.00404074 ; -0.00404159 
_Zn_Diamond_222 ; Diamond ; Zn ; 0 ; 16 ; 0 ; 0.03619650 ; 0.03627111 ; -0.03719318 ; -0.03720033 ; 0.03619144 ; 0.03627118 ; 0.03619117 ; 0.03627096 ; -0.03645201 ; -0.03720066 ; -0.03719498 ; -0.03711950 ; 0.03619122 ; 0.03626988 ; -0.03719486 ; -0.03718683 
_Zn_FCC_222 ; FCC ; Zn ; 0 ; 8 ; 0 ; -0.00219052 ; -0.00219088 ; -0.00219090 ; -0.00218484 ; -0.00219083 ; -0.00219090 ; -0.00219084 ; -0.00219135 
_Zn_SC_222 ; SC ; Zn ; 0 ; 8 ; 0 ; -0.00282377 ; -0.00282489 ; -0.00282705 ; -0.00282709 ; -0.00282721 ; -0.00282715 ; -0.00282706 ; -0.00282663 
_Zr_BCC_222 ; BCC ; Zr ; 0 ; 8 ; 0 ; -0.00049068 ; -0.00049022 ; -0.00049067 ; -0.00049064 ; -0.00049068 ; -0.00049066 ; -0.00049065 ; -0.00049046 
_Zr_Diamond_222 ; Diamond ; Zr ; 0 ; 16 ; 0 ; 0.00073767 ; 0.00075753 ; 0.00073916 ; 0.00072654 ; 0.00072791 ; 0.00072791 ; 0.00072813 ; 0.00072815 ; 0.00073022 ; 0.00073022 ; 0.00072667 ; 0.00072661 ; 0.00072845 ; 0.00072769 ; 0.00072842 ; 0.00072773 
_Zr_FCC_222 ; FCC ; Zr ; 0 ; 8 ; 0 ; 0.00060355 ; 0.00060351 ; 0.00060350 ; 0.00060353 ; 0.00060350 ; 0.00060351 ; 0.00060355 ; 0.00060354 
_Zr_SC_222 ; SC ; Zr ; 0 ; 8 ; 0 ; -0.00137186 ; -0.00137190 ; -0.00137179 ; -0.00137191 ; -0.00137151 ; -0.00137191 ; -0.00137068 ; -0.00137173 
